Time,Header.seq,Header.stamp.secs,Header.stamp.nsecs,Header.frame_id,Latitude,Longitude,Altitude,HDOP,UTM_easting,UTM_northing,UTC,Zone,Letter
1680124094.3127139,0,76094,0,GPS1_FRAME,42.409855,8.742693333333333,16.9,1.8,478827.7573926627,4695315.650118859,,32,T
1680124095.3128216,0,76095,0,GPS1_FRAME,42.409855,8.742693333333333,16.9,1.8,478827.7573926627,4695315.650118859,,32,T
1680124096.311731,0,76096,0,GPS1_FRAME,42.409855,8.742693333333333,16.9,1.8,478827.7573926627,4695315.650118859,,32,T
1680124097.3141117,0,76097,0,GPS1_FRAME,42.409855,8.742693333333333,16.9,1.8,478827.7573926627,4695315.650118859,,32,T
1680124098.305008,0,76098,0,GPS1_FRAME,42.409855,8.742693333333333,16.9,1.8,478827.7573926627,4695315.650118859,,32,T
1680124099.3064842,0,76099,0,GPS1_FRAME,42.409855,8.742693333333333,16.9,1.8,478827.7573926627,4695315.650118859,,32,T
1680124100.3115194,0,76100,0,GPS1_FRAME,42.409855,8.742693333333333,16.9,1.8,478827.7573926627,4695315.650118859,,32,T
1680124101.3108723,0,76101,0,GPS1_FRAME,42.409855,8.742693333333333,16.9,1.8,478827.7573926627,4695315.650118859,,32,T
1680124102.311244,0,76102,0,GPS1_FRAME,42.409855,8.742693333333333,16.9,1.8,478827.7573926627,4695315.650118859,,32,T
1680124103.305229,0,76103,0,GPS1_FRAME,42.409855,8.742693333333333,16.9,1.8,478827.7573926627,4695315.650118859,,32,T
1680124104.3102772,0,76104,0,GPS1_FRAME,42.409855,8.742693333333333,16.9,1.8,478827.7573926627,4695315.650118859,,32,T
1680124105.311953,0,76105,0,GPS1_FRAME,42.409855,8.742693333333333,16.9,1.8,478827.7573926627,4695315.650118859,,32,T
1680124106.3106482,0,76106,0,GPS1_FRAME,42.409855,8.742693333333333,16.9,1.8,478827.7573926627,4695315.650118859,,32,T
1680124107.3124075,0,76107,0,GPS1_FRAME,42.409855,8.742693333333333,16.9,1.8,478827.7573926627,4695315.650118859,,32,T
1680124108.3104818,0,76108,0,GPS1_FRAME,42.409855,8.742693333333333,16.9,1.8,478827.7573926627,4695315.650118859,,32,T
1680124109.3108861,0,76109,0,GPS1_FRAME,42.40985333333333,8.742693333333333,16.9,1.8,478827.7568321519,4695315.4650573265,,32,T
1680124110.3130949,0,76110,0,GPS1_FRAME,42.40985333333333,8.742693333333333,16.9,1.8,478827.7568321519,4695315.4650573265,,32,T
1680124111.3124673,0,76111,0,GPS1_FRAME,42.40985333333333,8.742693333333333,16.9,1.8,478827.7568321519,4695315.4650573265,,32,T
1680124112.3111455,0,76112,0,GPS1_FRAME,42.40985333333333,8.742693333333333,16.9,1.8,478827.7568321519,4695315.4650573265,,32,T
1680124113.3125398,0,76113,0,GPS1_FRAME,42.40985333333333,8.742693333333333,16.9,1.8,478827.7568321519,4695315.4650573265,,32,T
1680124114.3148057,0,76114,0,GPS1_FRAME,42.40985333333333,8.742693333333333,16.9,1.8,478827.7568321519,4695315.4650573265,,32,T
1680124115.3323367,0,76115,0,GPS1_FRAME,42.40985333333333,8.742693333333333,16.9,1.8,478827.7568321519,4695315.4650573265,,32,T
1680124116.3065805,0,76116,0,GPS1_FRAME,42.40985333333333,8.742693333333333,16.9,1.8,478827.7568321519,4695315.4650573265,,32,T
1680124117.307339,0,76117,0,GPS1_FRAME,42.40985333333333,8.742693333333333,16.9,1.8,478827.7568321519,4695315.4650573265,,32,T
1680124118.328717,0,76118,0,GPS1_FRAME,42.40985333333333,8.742693333333333,16.9,1.8,478827.7568321519,4695315.4650573265,,32,T
1680124119.312918,0,76119,0,GPS1_FRAME,42.40985333333333,8.742693333333333,16.9,1.8,478827.7568321519,4695315.4650573265,,32,T
1680124120.3298004,0,76120,0,GPS1_FRAME,42.40985333333333,8.742693333333333,16.9,1.8,478827.7568321519,4695315.4650573265,,32,T
1680124121.3147156,0,76121,0,GPS1_FRAME,42.40985333333333,8.742693333333333,16.9,1.2,478827.7568321519,4695315.4650573265,,32,T
1680124122.3119535,0,76122,0,GPS1_FRAME,42.40985333333333,8.742693333333333,16.9,1.8,478827.7568321519,4695315.4650573265,,32,T
1680124123.3304389,0,76123,0,GPS1_FRAME,42.40985333333333,8.742693333333333,16.9,1.2,478827.7568321519,4695315.4650573265,,32,T
1680124124.311656,0,76124,0,GPS1_FRAME,42.40985333333333,8.742693333333333,16.9,1.2,478827.7568321519,4695315.4650573265,,32,T
1680124125.3287437,0,76125,0,GPS1_FRAME,42.40985333333333,8.742693333333333,16.9,1.2,478827.7568321519,4695315.4650573265,,32,T
1680124126.3148644,0,76126,0,GPS1_FRAME,42.409848333333336,8.742691666666666,16.9,1.2,478827.61801038584,4695314.9102881,,32,T
1680124127.3137312,0,76127,0,GPS1_FRAME,42.409843333333335,8.742691666666666,16.8,1.2,478827.6163288428,4695314.355103505,,32,T
1680124128.3240993,0,76128,0,GPS1_FRAME,42.40983833333333,8.74269,16.9,1.2,478827.47750704235,4695313.800334282,,32,T
1680124129.30987,0,76129,0,GPS1_FRAME,42.40983166666667,8.74269,17.0,1.2,478827.47526497097,4695313.060088156,,32,T
1680124130.3076854,0,76130,0,GPS1_FRAME,42.409825,8.742693333333333,17.1,1.2,478827.7473034712,4695312.319011291,,32,T
1680124131.3236682,0,76131,0,GPS1_FRAME,42.409821666666666,8.742695,17.3,1.2,478827.8833227442,4695311.948472861,,32,T
1680124132.3110666,0,76132,0,GPS1_FRAME,42.40982,8.742698333333333,17.6,1.2,478828.15704282845,4695311.762580606,,32,T
1680124133.3140378,0,76133,0,GPS1_FRAME,42.40982,8.742698333333333,17.7,1.2,478828.15704282845,4695311.762580606,,32,T
1680124134.3155832,0,76134,0,GPS1_FRAME,42.40982,8.742698333333333,17.7,1.2,478828.15704282845,4695311.762580606,,32,T
1680124135.3177805,0,76135,0,GPS1_FRAME,42.409816666666664,8.742696666666667,18.0,1.2,478828.01878152665,4695311.392872904,,32,T
1680124136.311784,0,76136,0,GPS1_FRAME,42.409815,8.74269,18.3,1.2,478827.4696597938,4695311.209472844,,32,T
1680124137.3100944,0,76137,0,GPS1_FRAME,42.409815,8.742678333333334,18.6,1.2,478826.5096776447,4695311.212380522,,32,T
1680124138.3143332,0,76138,0,GPS1_FRAME,42.409818333333334,8.74266,19.2,1.2,478825.0022554296,4695311.587073056,,32,T
1680124139.31435,0,76139,0,GPS1_FRAME,42.40981333333333,8.742635,19.2,1.2,478822.9434690169,4695311.038120088,,32,T
1680124140.3079157,0,76140,0,GPS1_FRAME,42.40980666666667,8.742605,19.3,1.2,478820.47270060936,4695310.305352713,,32,T
1680124141.308154,0,76141,0,GPS1_FRAME,42.409803333333336,8.742575,19.3,1.2,478818.0030532127,4695309.942709271,,32,T
1680124142.3078873,0,76142,0,GPS1_FRAME,42.40981,8.742548333333334,19.7,1.2,478815.81105119357,4695310.689604676,,32,T
1680124143.3088489,0,76143,0,GPS1_FRAME,42.40981166666667,8.742523333333333,19.9,1.2,478813.7545072999,4695310.880900536,,32,T
1680124144.3148062,0,76144,0,GPS1_FRAME,42.409821666666666,8.742503333333334,20.4,1.2,478812.11218906904,4695311.996257619,,32,T
1680124145.3085408,0,76145,0,GPS1_FRAME,42.409815,8.742483333333332,20.8,1.2,478810.4642616822,4695311.26099978,,32,T
1680124146.3091733,0,76146,0,GPS1_FRAME,42.4098,8.74247,21.2,1.2,478809.36209025176,4695309.598771742,,32,T
1680124147.3111007,0,76147,0,GPS1_FRAME,42.40978333333333,8.742465,21.4,1.2,478808.9450591545,4695307.749403634,,32,T
1680124148.3077044,0,76148,0,GPS1_FRAME,42.40977,8.742466666666667,21.3,1.2,478809.0777115024,4695306.26849566,,32,T
1680124149.309353,0,76149,0,GPS1_FRAME,42.409755,8.742478333333333,21.2,1.2,478810.03264553775,4695304.600031829,,32,T
1680124150.307533,0,76150,0,GPS1_FRAME,42.40974166666667,8.742498333333334,20.9,1.2,478811.67384332046,4695303.114551217,,32,T
1680124151.3082156,0,76151,0,GPS1_FRAME,42.40973833333334,8.742531666666666,20.7,1.2,478814.4155309403,4695302.736115052,,32,T
1680124152.3093414,0,76152,0,GPS1_FRAME,42.40973833333334,8.742581666666666,20.4,1.2,478818.52974517184,4695302.723647408,,32,T
1680124153.308534,0,76153,0,GPS1_FRAME,42.40974,8.742645,20.1,1.2,478823.74164381076,4695302.892920064,,32,T
1680124154.3087645,0,76154,0,GPS1_FRAME,42.40974,8.742713333333333,20.0,1.2,478829.364403108,4695302.875889058,,32,T
1680124155.2990158,0,76155,0,GPS1_FRAME,42.40973833333334,8.742788333333333,19.7,1.2,478835.5351639807,4695302.672140171,,32,T
1680124156.3089166,0,76156,0,GPS1_FRAME,42.40973666666667,8.742866666666666,19.3,1.2,478841.9802061347,4695302.467566549,,32,T
1680124157.3003929,0,76157,0,GPS1_FRAME,42.409735,8.742941666666667,19.1,1.2,478848.1509676614,4695302.263828798,,32,T
1680124158.3001573,0,76158,0,GPS1_FRAME,42.409735,8.743001666666666,18.9,1.2,478853.08802498714,4695302.248891744,,32,T
1680124159.3007286,0,76159,0,GPS1_FRAME,42.409733333333335,8.74304,18.7,1.2,478856.2416962997,4695302.054288924,,32,T
1680124160.302816,0,76160,0,GPS1_FRAME,42.409733333333335,8.743056666666666,18.5,1.2,478857.6131011476,4695302.050140981,,32,T
1680124161.300825,0,76161,0,GPS1_FRAME,42.409731666666666,8.743056666666666,18.5,1.2,478857.6125414296,4695301.865079453,,32,T
1680124162.302235,0,76162,0,GPS1_FRAME,42.409733333333335,8.743056666666666,18.5,1.2,478857.6131011476,4695302.050140981,,32,T
1680124163.3014035,0,76163,0,GPS1_FRAME,42.409733333333335,8.743056666666666,18.5,1.2,478857.6131011476,4695302.050140981,,32,T
1680124164.299949,0,76164,0,GPS1_FRAME,42.409733333333335,8.743056666666666,18.5,1.2,478857.6131011476,4695302.050140981,,32,T
1680124165.3016117,0,76165,0,GPS1_FRAME,42.409733333333335,8.743056666666666,18.5,1.2,478857.6131011476,4695302.050140981,,32,T
1680124166.3168473,0,76166,0,GPS1_FRAME,42.409733333333335,8.743056666666666,18.5,1.2,478857.6131011476,4695302.050140981,,32,T
1680124167.301285,0,76167,0,GPS1_FRAME,42.409733333333335,8.743056666666666,18.6,1.2,478857.6131011476,4695302.050140981,,32,T
1680124168.300253,0,76168,0,GPS1_FRAME,42.409733333333335,8.743056666666666,18.6,1.2,478857.6131011476,4695302.050140981,,32,T
1680124169.3231568,0,76169,0,GPS1_FRAME,42.409733333333335,8.743056666666666,18.6,1.2,478857.6131011476,4695302.050140981,,32,T
1680124170.300521,0,76170,0,GPS1_FRAME,42.409733333333335,8.743056666666666,18.6,1.2,478857.6131011476,4695302.050140981,,32,T
1680124171.3031275,0,76171,0,GPS1_FRAME,42.409735,8.743056666666666,18.6,1.2,478857.6136608656,4695302.235202508,,32,T
1680124172.3005497,0,76172,0,GPS1_FRAME,42.409735,8.743056666666666,18.6,1.2,478857.6136608656,4695302.235202508,,32,T
1680124173.3021576,0,76173,0,GPS1_FRAME,42.409735,8.743056666666666,18.6,1.2,478857.6136608656,4695302.235202508,,32,T
1680124174.3165991,0,76174,0,GPS1_FRAME,42.409735,8.743056666666666,18.6,1.2,478857.6136608656,4695302.235202508,,32,T
1680124175.3009477,0,76175,0,GPS1_FRAME,42.409735,8.743056666666666,18.6,1.2,478857.6136608656,4695302.235202508,,32,T
1680124176.3001719,0,76176,0,GPS1_FRAME,42.409735,8.743056666666666,18.6,1.2,478857.6136608656,4695302.235202508,,32,T
1680124177.3055956,0,76177,0,GPS1_FRAME,42.409735,8.743056666666666,18.6,1.2,478857.6136608656,4695302.235202508,,32,T
1680124178.3176723,0,76178,0,GPS1_FRAME,42.409735,8.743058333333334,18.6,1.2,478857.7508013459,4695302.234787728,,32,T
1680124179.3286932,0,76179,0,GPS1_FRAME,42.409735,8.743058333333334,18.6,1.2,478857.7508013459,4695302.234787728,,32,T
1680124180.3042166,0,76180,0,GPS1_FRAME,42.40973666666667,8.743058333333334,18.6,1.2,478857.7513610603,4695302.419849257,,32,T
1680124181.3047187,0,76181,0,GPS1_FRAME,42.40973666666667,8.743058333333334,18.6,1.2,478857.7513610603,4695302.419849257,,32,T
1680124182.3220649,0,76182,0,GPS1_FRAME,42.40973666666667,8.74306,18.1,1.2,478857.88850153907,4695302.419434479,,32,T
1680124183.3052282,0,76183,0,GPS1_FRAME,42.40973666666667,8.743061666666666,17.7,1.2,478858.02564201574,4695302.419019705,,32,T
1680124184.3062477,0,76184,0,GPS1_FRAME,42.40973666666667,8.743061666666666,17.7,1.2,478858.02564201574,4695302.419019705,,32,T
1680124185.3048158,0,76185,0,GPS1_FRAME,42.40973666666667,8.743061666666666,17.8,1.2,478858.02564201574,4695302.419019705,,32,T
1680124186.3056285,0,76186,0,GPS1_FRAME,42.40973666666667,8.743061666666666,17.8,1.2,478858.02564201574,4695302.419019705,,32,T
1680124187.305622,0,76187,0,GPS1_FRAME,42.40973666666667,8.743063333333334,17.3,1.2,478858.16278249456,4695302.418604934,,32,T
1680124188.3053741,0,76188,0,GPS1_FRAME,42.40973666666667,8.743065,17.0,1.2,478858.29992297123,4695302.4181901645,,32,T
1680124189.3232176,0,76189,0,GPS1_FRAME,42.40973666666667,8.743065,17.0,1.0,478858.29992297123,4695302.4181901645,,32,T
1680124190.3228638,0,76190,0,GPS1_FRAME,42.40973666666667,8.743065,16.9,2.0,478858.29992297123,4695302.4181901645,,32,T
1680124191.3040245,0,76191,0,GPS1_FRAME,42.40973666666667,8.743065,16.9,2.0,478858.29992297123,4695302.4181901645,,32,T
1680124192.303383,0,76192,0,GPS1_FRAME,42.40973666666667,8.743065,16.9,2.0,478858.29992297123,4695302.4181901645,,32,T
1680124193.3024933,0,76193,0,GPS1_FRAME,42.40973833333334,8.743066666666667,16.8,2.0,478858.4376231462,4695302.602836927,,32,T
1680124194.3030245,0,76194,0,GPS1_FRAME,42.40973833333334,8.743068333333333,16.7,2.0,478858.5747636193,4695302.602422164,,32,T
1680124195.3050985,0,76195,0,GPS1_FRAME,42.40973833333334,8.74307,16.6,2.0,478858.71190409234,4695302.602007403,,32,T
1680124196.303574,0,76196,0,GPS1_FRAME,42.40973833333334,8.743073333333333,16.6,2.0,478858.9861850405,4695302.601177889,,32,T
1680124197.3102372,0,76197,0,GPS1_FRAME,42.40974,8.743088333333333,16.2,1.0,478860.2210089552,4695302.782506739,,32,T
1680124198.3045397,0,76198,0,GPS1_FRAME,42.40974666666666,8.743115,15.8,1.0,478862.4174948419,4695303.516117517,,32,T
1680124199.303216,0,76199,0,GPS1_FRAME,42.40976833333333,8.743153333333334,15.7,1.0,478865.57899892365,4695305.9123803,,32,T
1680124200.302381,0,76200,0,GPS1_FRAME,42.409803333333336,8.743186666666666,15.7,1.0,478868.33355523495,4695309.790380452,,32,T
1680124201.3054318,0,76201,0,GPS1_FRAME,42.40985333333333,8.743205,16.0,1.0,478869.8588807647,4695315.337666247,,32,T
1680124202.3038723,0,76202,0,GPS1_FRAME,42.409913333333336,8.743208333333333,16.0,1.0,478870.1532992237,4695321.999052332,,32,T
1680124203.3033376,0,76203,0,GPS1_FRAME,42.40998333333334,8.743206666666666,16.0,1.0,478870.0396536614,4695329.772051313,,32,T
1680124204.3027472,0,76204,0,GPS1_FRAME,42.410061666666664,8.743205,15.9,1.0,478869.92880542565,4695338.470358083,,32,T
1680124205.3026986,0,76205,0,GPS1_FRAME,42.41015,8.743201666666668,15.9,1.0,478869.68417441443,4695348.279448766,,32,T
1680124206.302859,0,76206,0,GPS1_FRAME,42.410248333333335,8.743198333333334,15.7,1.0,478869.4429007107,4695359.198908875,,32,T
1680124207.3047607,0,76207,0,GPS1_FRAME,42.410355,8.743193333333334,15.3,1.0,478869.06728591124,4695371.044091481,,32,T
1680124208.3027134,0,76208,0,GPS1_FRAME,42.410465,8.74319,15.1,1.0,478868.8299303519,4695383.258982864,,32,T
1680124209.3028953,0,76209,0,GPS1_FRAME,42.41058,8.743183333333333,14.5,1.0,478868.31997687806,4695396.029888308,,32,T
1680124210.3043733,0,76210,0,GPS1_FRAME,42.410698333333336,8.743176666666667,14.2,1.0,478867.8111444279,4695409.170917171,,32,T
1680124211.3048072,0,76211,0,GPS1_FRAME,42.41081666666667,8.743171666666667,13.9,1.0,478867.4394522566,4695422.311531751,,32,T
1680124212.303735,0,76212,0,GPS1_FRAME,42.410938333333334,8.743166666666667,13.7,1.0,478867.06888070534,4695435.822269762,,32,T
1680124213.3074362,0,76213,0,GPS1_FRAME,42.41106166666667,8.743163333333333,13.7,1.0,478866.8360079339,4695449.517655044,,32,T
1680124214.3058422,0,76214,0,GPS1_FRAME,42.411183333333334,8.743158333333334,13.7,1.0,478866.4654395019,4695463.028393675,,32,T
1680124215.3038473,0,76215,0,GPS1_FRAME,42.411303333333336,8.743153333333334,13.6,1.0,478866.09431323165,4695476.354071039,,32,T
1680124216.3187594,0,76216,0,GPS1_FRAME,42.411415,8.74315,13.6,1.0,478865.857527761,4695488.754026163,,32,T
1680124217.3037395,0,76217,0,GPS1_FRAME,42.41151833333333,8.743146666666666,13.6,1.0,478865.61794563796,4695500.2286736155,,32,T
1680124218.3050823,0,76218,0,GPS1_FRAME,42.411606666666664,8.743145,13.6,1.0,478865.51046494395,4695510.037352347,,32,T
1680124219.3224134,0,76219,0,GPS1_FRAME,42.41168,8.74314,13.5,1.0,478865.1236762422,4695518.181306211,,32,T
1680124220.3030632,0,76220,0,GPS1_FRAME,42.411735,8.743126666666667,13.4,1.0,478864.0450526554,4695524.291656006,,32,T
1680124221.303321,0,76221,0,GPS1_FRAME,42.41177166666667,8.743101666666666,13.5,1.0,478862.0003229113,4695528.369231412,,32,T
1680124222.3021808,0,76222,0,GPS1_FRAME,42.411793333333335,8.743066666666667,13.9,1.0,478859.1277423191,4695530.783741657,,32,T
1680124223.3025584,0,76223,0,GPS1_FRAME,42.41180333333333,8.743026666666667,14.1,1.0,478855.8398372195,4695531.90406642,,32,T
1680124224.3189514,0,76224,0,GPS1_FRAME,42.41180666666666,8.742975,14.2,1.0,478851.5897418159,4695532.2870507,,32,T
1680124225.3048103,0,76225,0,GPS1_FRAME,42.411805,8.74291,14.3,1.0,478846.2408789936,4695532.118172859,,32,T
1680124226.3036523,0,76226,0,GPS1_FRAME,42.41180333333333,8.742835,14.3,1.0,478840.0692000328,4695531.951789909,,32,T
1680124227.3039513,0,76227,0,GPS1_FRAME,42.41180166666667,8.742754999999999,14.3,1.0,478833.4861128023,4695531.786658209,,32,T
1680124228.3185754,0,76228,0,GPS1_FRAME,42.41180166666667,8.742671666666666,14.3,1.0,478826.62931383407,4695531.807425108,,32,T
1680124229.3213556,0,76229,0,GPS1_FRAME,42.41180166666667,8.742586666666666,14.2,1.0,478819.63537888095,4695531.828614273,,32,T
1680124230.3050601,0,76230,0,GPS1_FRAME,42.41180333333333,8.742496666666668,14.1,1.0,478812.2305969455,4695532.036119085,,32,T
1680124231.3069603,0,76231,0,GPS1_FRAME,42.41180333333333,8.742403333333334,13.9,1.0,478804.55098228855,4695532.059401817,,32,T
1680124232.3218572,0,76232,0,GPS1_FRAME,42.41180166666667,8.742308333333334,13.8,1.0,478796.73367028055,4695531.898047382,,32,T
1680124233.3048117,0,76233,0,GPS1_FRAME,42.41179666666667,8.742215,13.7,1.0,478789.0523706882,4695531.366162354,,32,T
1680124234.3054867,0,76234,0,GPS1_FRAME,42.411791666666666,8.742121666666666,13.6,1.0,478781.37106987083,4695530.834285762,,32,T
1680124235.3052351,0,76235,0,GPS1_FRAME,42.41178333333333,8.742031666666666,13.5,1.0,478773.9629159082,4695529.931461535,,32,T
1680124236.304917,0,76236,0,GPS1_FRAME,42.411766666666665,8.74195,13.5,1.0,478767.2376294174,4695528.101254296,,32,T
1680124237.3054733,0,76237,0,GPS1_FRAME,42.41173833333333,8.741878333333332,13.6,1.0,478761.3312197771,4695524.973122194,,32,T
1680124238.3055913,0,76238,0,GPS1_FRAME,42.41169333333333,8.741814999999999,13.2,1.0,478756.1048612865,4695519.992295176,,32,T
1680124239.3053806,0,76239,0,GPS1_FRAME,42.41164,8.741771666666667,12.9,1.0,478752.521318441,4695514.081161634,,32,T
1680124240.3225095,0,76240,0,GPS1_FRAME,42.41158166666666,8.741743333333334,12.7,1.0,478750.17030981125,4695507.611092955,,32,T
1680124241.3082511,0,76241,0,GPS1_FRAME,42.411516666666664,8.741731666666666,12.5,1.0,478749.1884122543,4695500.396609407,,32,T
1680124242.306967,0,76242,0,GPS1_FRAME,42.41144833333333,8.741726666666667,12.2,1.0,478748.7539344467,4695492.810335163,,32,T
1680124243.3087285,0,76243,0,GPS1_FRAME,42.41137666666667,8.741726666666667,11.9,1.0,478748.72974120645,4695484.852687062,,32,T
1680124244.3052013,0,76244,0,GPS1_FRAME,42.411303333333336,8.74173,11.6,1.0,478748.97925949964,4695476.709143627,,32,T
1680124245.305352,0,76245,0,GPS1_FRAME,42.411233333333335,8.741733333333332,11.4,1.0,478749.2299036987,4695468.935723464,,32,T
1680124246.3046286,0,76246,0,GPS1_FRAME,42.411161666666665,8.741735,11.1,1.0,478749.3428485591,4695460.977658744,,32,T
1680124247.3058097,0,76247,0,GPS1_FRAME,42.411091666666664,8.741738333333334,10.8,1.0,478749.59349389956,4695453.20423879,,32,T
1680124248.3044257,0,76248,0,GPS1_FRAME,42.41102166666667,8.74174,10.5,1.0,478749.70700220106,4695445.431235848,,32,T
1680124249.3059974,0,76249,0,GPS1_FRAME,42.41095166666667,8.74174,10.2,1.0,478749.6833730083,4695437.658649911,,32,T
1680124250.3053534,0,76250,0,GPS1_FRAME,42.41088333333333,8.74174,10.0,1.0,478749.660306446,4695430.071125636,,32,T
1680124251.303489,0,76251,0,GPS1_FRAME,42.41081833333333,8.741741666666666,9.8,1.0,478749.7755032318,4695422.853307673,,32,T
1680124252.2988431,0,76252,0,GPS1_FRAME,42.41075166666667,8.741743333333334,9.6,1.1,478749.8901377404,4695415.450428232,,32,T
1680124253.3052354,0,76253,0,GPS1_FRAME,42.41068666666666,8.741745,9.3,1.1,478750.0053351519,4695408.232610441,,32,T
1680124254.3018146,0,76254,0,GPS1_FRAME,42.410621666666664,8.741748333333334,9.1,1.0,478750.2576714263,4695401.014375839,,32,T
1680124255.3031108,0,76255,0,GPS1_FRAME,42.410555,8.741751666666666,9.0,1.0,478750.50944572483,4695393.611079775,,32,T
1680124256.3014112,0,76256,0,GPS1_FRAME,42.410493333333335,8.741755,8.8,1.0,478750.76290831855,4695386.762968469,,32,T
1680124257.3021214,0,76257,0,GPS1_FRAME,42.41043166666667,8.741756666666667,8.6,1.0,478750.87923250825,4695379.915274127,,32,T
1680124258.3005579,0,76258,0,GPS1_FRAME,42.41037166666667,8.741758333333333,8.4,1.0,478750.9961195446,4695373.252641413,,32,T
1680124259.3057404,0,76259,0,GPS1_FRAME,42.41031,8.741761666666667,8.3,1.0,478751.249583548,4695366.40453035,,32,T
1680124260.3016133,0,76260,0,GPS1_FRAME,42.410245,8.741763333333333,8.3,1.0,478751.36478366813,4695359.186713147,,32,T
1680124261.3018963,0,76261,0,GPS1_FRAME,42.410178333333334,8.741765000000001,8.2,1.0,478751.4794215603,4695351.7838344835,,32,T
1680124262.30234,0,76262,0,GPS1_FRAME,42.41010833333333,8.741766666666667,8.0,1.0,478751.5929347095,4695344.010832829,,32,T
1680124263.3006861,0,76263,0,GPS1_FRAME,42.41003833333333,8.74177,7.9,1.0,478751.84358801425,4695336.237414411,,32,T
1680124264.3010788,0,76264,0,GPS1_FRAME,42.40996833333333,8.741773333333333,7.7,1.0,478752.09424196294,4695328.463996101,,32,T
1680124265.300467,0,76265,0,GPS1_FRAME,42.40990333333333,8.74178,7.6,1.0,478752.62086430984,4695321.24492881,,32,T
1680124266.3012333,0,76266,0,GPS1_FRAME,42.409841666666665,8.741801666666667,7.6,1.0,478754.38287503755,4695314.392233338,,32,T
1680124267.3184714,0,76267,0,GPS1_FRAME,42.40978833333333,8.741841666666666,7.6,1.0,478757.65624533803,4695308.460261722,,32,T
1680124268.3010044,0,76268,0,GPS1_FRAME,42.40974333333333,8.741888333333334,8.2,1.0,478761.4809944766,4695303.4519326715,,32,T
1680124269.3025508,0,76269,0,GPS1_FRAME,42.40971,8.74196,8.4,1.0,478767.3667922973,4695299.7327879,,32,T
1680124270.3247368,0,76270,0,GPS1_FRAME,42.40969,8.742043333333333,8.9,1.0,478774.2170760291,4695297.491225364,,32,T
1680124271.3071687,0,76271,0,GPS1_FRAME,42.409681666666664,8.742136666666667,9.2,1.0,478781.89413991006,4695296.542602607,,32,T
1680124272.3008833,0,76272,0,GPS1_FRAME,42.40968,8.742238333333333,9.5,1.0,478790.25915490114,4695296.332153857,,32,T
1680124273.3009992,0,76273,0,GPS1_FRAME,42.40968,8.742341666666666,9.6,1.0,478798.7618722084,4695296.306360709,,32,T
1680124274.3011265,0,76274,0,GPS1_FRAME,42.40968,8.742445,9.8,1.0,478807.26458950934,4695296.280577902,,32,T
1680124275.3212705,0,76275,0,GPS1_FRAME,42.40967666666667,8.742541666666666,10.2,1.0,478815.2176227207,4695295.886344811,,32,T
1680124276.3029196,0,76276,0,GPS1_FRAME,42.409675,8.74263,10.4,1.0,478822.4855143362,4695295.679259615,,32,T
1680124277.3027177,0,76277,0,GPS1_FRAME,42.40967333333333,8.742706666666667,10.8,1.0,478828.79342201864,4695295.475089331,,32,T
1680124278.319428,0,76278,0,GPS1_FRAME,42.40967,8.742765,11.3,1.0,478833.59222286846,4695295.090430821,,32,T
1680124279.3043966,0,76279,0,GPS1_FRAME,42.40967166666667,8.74281,11.4,1.0,478837.2955799449,4695295.264281532,,32,T
1680124280.3182318,0,76280,0,GPS1_FRAME,42.40967166666667,8.74285,11.5,1.0,478840.58695480786,4695295.254318008,,32,T
1680124281.3030558,0,76281,0,GPS1_FRAME,42.40967333333333,8.742888333333333,11.5,1.0,478843.7417491375,4695295.429832612,,32,T
1680124282.3042595,0,76282,0,GPS1_FRAME,42.40967666666667,8.742935,11.2,1.0,478847.58280633955,4695295.788335245,,32,T
1680124283.3208272,0,76283,0,GPS1_FRAME,42.409681666666664,8.742991666666667,11.1,1.0,478852.2472666002,4695296.329412149,,32,T
1680124284.3025901,0,76284,0,GPS1_FRAME,42.40969333333334,8.743053333333334,11.0,1.0,478857.32538677653,4695297.6094939,,32,T
1680124285.3051822,0,76285,0,GPS1_FRAME,42.40971666666667,8.743113333333334,11.0,1.0,478862.2702816854,4695300.185424711,,32,T
1680124286.303549,0,76286,0,GPS1_FRAME,42.409755,8.743161666666666,11.4,1.0,478866.2602250492,4695304.429814981,,32,T
1680124287.3033514,0,76287,0,GPS1_FRAME,42.40980166666667,8.743191666666666,11.7,1.0,478868.7444168064,4695309.60407522,,32,T
1680124288.3025424,0,76288,0,GPS1_FRAME,42.40986,8.743203333333334,12.6,1.0,478869.7239781416,4695316.078326916,,32,T
1680124289.3040156,0,76289,0,GPS1_FRAME,42.40992833333333,8.743203333333334,13.1,1.0,478869.74691355124,4695323.665849754,,32,T
1680124290.3043594,0,76290,0,GPS1_FRAME,42.410005,8.743198333333334,13.4,1.0,478869.3612263199,4695332.179924009,,32,T
1680124291.3239954,0,76291,0,GPS1_FRAME,42.410088333333334,8.743193333333334,13.4,1.0,478868.97777782293,4695341.434244559,,32,T
1680124292.3063033,0,76292,0,GPS1_FRAME,42.410178333333334,8.74319,13.6,1.0,478868.73370772245,4695351.428396866,,32,T
1680124293.3042333,0,76293,0,GPS1_FRAME,42.410273333333336,8.743186666666666,13.8,1.0,478868.49131677835,4695361.977733979,,32,T
1680124294.3056307,0,76294,0,GPS1_FRAME,42.410376666666664,8.743181666666667,13.5,1.0,478868.1145848829,4695373.452793595,,32,T
1680124295.3059967,0,76295,0,GPS1_FRAME,42.41048166666667,8.743176666666667,13.4,1.0,478867.7384138697,4695385.112914997,,32,T
1680124296.3050733,0,76296,0,GPS1_FRAME,42.41059,8.743173333333333,13.3,1.0,478867.50050187553,4695397.142745152,,32,T
1680124297.308776,0,76297,0,GPS1_FRAME,42.41070166666667,8.74317,13.2,1.0,478867.2637098623,4695409.542698664,,32,T
1680124298.3060863,0,76298,0,GPS1_FRAME,42.410815,8.743165,13.1,1.0,478866.89034026326,4695422.1281285975,,32,T
1680124299.3098133,0,76299,0,GPS1_FRAME,42.41092833333333,8.74316,13.3,1.0,478866.51697223075,4695434.713558806,,32,T
1680124300.3127954,0,76300,0,GPS1_FRAME,42.41104333333333,8.743156666666668,13.2,0.9,478866.28130291286,4695447.483636235,,32,T
1680124301.3119009,0,76301,0,GPS1_FRAME,42.41115833333333,8.743151666666666,13.0,0.9,478865.90849729883,4695460.254128559,,32,T
1680124302.3103034,0,76302,0,GPS1_FRAME,42.411265,8.743148333333334,12.8,0.9,478865.6700327303,4695472.0988986455,,32,T
1680124303.3131673,0,76303,0,GPS1_FRAME,42.411363333333334,8.743145,12.7,0.9,478865.428771451,4695483.01836106,,32,T
1680124304.3074243,0,76304,0,GPS1_FRAME,42.411453333333334,8.74314,12.6,0.9,478865.0475765928,4695493.012930405,,32,T
1680124305.3082473,0,76305,0,GPS1_FRAME,42.41153666666666,8.743136666666667,12.4,0.9,478864.8012812556,4695502.266838933,,32,T
1680124306.3131292,0,76306,0,GPS1_FRAME,42.41161,8.743133333333333,12.2,0.9,478864.5516292597,4695510.410378077,,32,T
1680124307.3079267,0,76307,0,GPS1_FRAME,42.41167166666666,8.743128333333333,12.0,0.9,478864.1609246217,4695517.25890087,,32,T
1680124308.3118234,0,76308,0,GPS1_FRAME,42.411721666666665,8.743113333333334,11.9,0.9,478862.9434867336,4695522.81448072,,32,T
1680124309.313714,0,76309,0,GPS1_FRAME,42.41176166666666,8.743086666666667,11.9,0.9,478860.76274046383,4695527.262594359,,32,T
1680124310.314083,0,76310,0,GPS1_FRAME,42.411785,8.743045,12.3,0.9,478857.342175526,4695529.863825891,,32,T
1680124311.313904,0,76311,0,GPS1_FRAME,42.411795,8.742998333333333,12.5,0.9,478853.50572629983,4695530.985810983,,32,T
1680124312.3143973,0,76312,0,GPS1_FRAME,42.41179666666667,8.74294,12.6,0.9,478848.706526517,4695531.185394953,,32,T
1680124313.3152013,0,76313,0,GPS1_FRAME,42.411795,8.742868333333334,12.8,0.9,478842.8091187919,4695531.018179643,,32,T
1680124314.3152645,0,76314,0,GPS1_FRAME,42.411793333333335,8.742786666666667,12.9,0.9,478836.0888947676,4695530.853460577,,32,T
1680124315.3086162,0,76315,0,GPS1_FRAME,42.411791666666666,8.742696666666667,13.0,0.9,478828.6829903778,4695530.690824763,,32,T
1680124316.3046277,0,76316,0,GPS1_FRAME,42.411791666666666,8.742605,13.0,1.0,478821.1405103112,4695530.7136739,,32,T
1680124317.3202426,0,76317,0,GPS1_FRAME,42.411791666666666,8.742513333333333,12.9,1.0,478813.5980302375,4695530.736531176,,32,T
1680124318.31746,0,76318,0,GPS1_FRAME,42.411791666666666,8.74242,12.9,1.0,478805.9184141581,4695530.759812401,,32,T
1680124319.3154857,0,76319,0,GPS1_FRAME,42.41179,8.742326666666667,12.9,1.0,478798.23823674314,4695530.598040469,,32,T
1680124320.330899,0,76320,0,GPS1_FRAME,42.411788333333334,8.74223,13.0,1.0,478790.28378690017,4695530.437109204,,32,T
1680124321.3142188,0,76321,0,GPS1_FRAME,42.411786666666664,8.742135,13.1,1.0,478782.46647264226,4695530.275770718,,32,T
1680124322.3133178,0,76322,0,GPS1_FRAME,42.41178166666667,8.742043333333333,13.2,1.0,478774.9223061008,4695529.7434849385,,32,T
1680124323.3127367,0,76323,0,GPS1_FRAME,42.411766666666665,8.74196,13.4,1.0,478768.0604457568,4695528.098754923,,32,T
1680124324.3121822,0,76324,0,GPS1_FRAME,42.411741666666664,8.741886666666666,13.5,1.0,478762.01802494493,4695525.341161987,,32,T
1680124325.3198922,0,76325,0,GPS1_FRAME,42.41170666666667,8.741828333333334,13.6,1.0,478757.2064503393,4695521.469453702,,32,T
1680124326.3247917,0,76326,0,GPS1_FRAME,42.41166333333334,8.741783333333334,13.7,1.0,478753.4891479458,4695516.669105975,,32,T
1680124327.3171432,0,76327,0,GPS1_FRAME,42.411606666666664,8.741753333333333,13.8,1.0,478751.0015672285,4695510.384515423,,32,T
1680124328.3060842,0,76328,0,GPS1_FRAME,42.411543333333334,8.741738333333334,13.6,0.9,478749.74596040964,4695503.35592714,,32,T
1680124329.3244123,0,76329,0,GPS1_FRAME,42.41147333333333,8.741736666666666,13.4,0.9,478749.5851941298,4695495.583757407,,32,T
1680124330.3275058,0,76330,0,GPS1_FRAME,42.4114,8.741738333333334,13.2,0.9,478749.69757605967,4695487.440630778,,32,T
1680124331.3078003,0,76331,0,GPS1_FRAME,42.411325,8.741738333333334,13.0,0.9,478749.6722587205,4695479.112859583,,32,T
1680124332.307433,0,76332,0,GPS1_FRAME,42.411251666666665,8.74174,12.7,0.9,478749.78464120196,4695470.969733167,,32,T
1680124333.3259168,0,76333,0,GPS1_FRAME,42.41117666666667,8.741741666666666,12.5,0.9,478749.89646143967,4695462.641545284,,32,T
1680124334.3096893,0,76334,0,GPS1_FRAME,42.41110166666667,8.741741666666666,12.2,0.9,478749.8711445363,4695454.313774413,,32,T
1680124335.3089192,0,76335,0,GPS1_FRAME,42.411026666666665,8.741741666666666,11.9,0.9,478749.8458276696,4695445.986003655,,32,T
1680124336.306253,0,76336,0,GPS1_FRAME,42.41095,8.741743333333334,11.7,0.9,478749.95708608057,4695437.472754531,,32,T
1680124337.3069932,0,76337,0,GPS1_FRAME,42.410873333333335,8.741743333333334,11.4,0.9,478749.9312068599,4695428.959922426,,32,T
1680124338.3059978,0,76338,0,GPS1_FRAME,42.41079666666667,8.741745,11.2,0.9,478750.04246584635,4695420.446673535,,32,T
1680124339.3076346,0,76339,0,GPS1_FRAME,42.41072,8.741746666666668,11.0,0.9,478750.15372520714,4695411.933424758,,32,T
1680124340.3078222,0,76340,0,GPS1_FRAME,42.410645,8.741748333333334,10.8,0.9,478750.2655475161,4695403.605237659,,32,T
1680124341.3076,0,76341,0,GPS1_FRAME,42.41057,8.741751666666666,10.6,0.9,478750.51450885314,4695395.2766337795,,32,T
1680124342.3240194,0,76342,0,GPS1_FRAME,42.41049833333334,8.741753333333333,10.2,0.9,478750.6274571832,4695387.318570017,,32,T
1680124343.3063571,0,76343,0,GPS1_FRAME,42.410428333333336,8.741756666666667,9.8,0.9,478750.8781073933,4695379.545151024,,32,T
1680124344.3037179,0,76344,0,GPS1_FRAME,42.410358333333335,8.741758333333333,9.5,0.9,478750.9916191194,4695371.772149015,,32,T
1680124345.3060267,0,76345,0,GPS1_FRAME,42.410288333333334,8.741761666666667,9.3,0.9,478751.24227046076,4695363.998730229,,32,T
1680124346.3048158,0,76346,0,GPS1_FRAME,42.41022,8.741765000000001,9.0,0.9,478751.49348498095,4695356.4103730945,,32,T
1680124347.3054986,0,76347,0,GPS1_FRAME,42.410151666666664,8.741766666666667,8.8,0.9,478751.60756055306,4695348.822432927,,32,T
1680124348.3046594,0,76348,0,GPS1_FRAME,42.410085,8.741768333333333,8.6,0.9,478751.72219897946,4695341.419554392,,32,T
1680124349.3054922,0,76349,0,GPS1_FRAME,42.41002,8.74177,8.4,0.9,478751.83740024926,4695334.201737483,,32,T
1680124350.310731,0,76350,0,GPS1_FRAME,42.409958333333336,8.74177,8.6,0.9,478751.816586874,4695327.3544605905,,32,T
1680124351.304596,0,76351,0,GPS1_FRAME,42.4099,8.74177,9.4,0.9,478751.7968985688,4695320.87730684,,32,T
1680124352.3027492,0,76352,0,GPS1_FRAME,42.409845,8.741793333333334,9.3,0.9,478753.69829872984,4695314.764440472,,32,T
1680124353.3034768,0,76353,0,GPS1_FRAME,42.409795,8.741828333333334,9.7,0.9,478756.56137198675,4695309.203841873,,32,T
1680124354.3027883,0,76354,0,GPS1_FRAME,42.409755,8.74188,9.6,0.9,478760.7992281258,4695304.74944675,,32,T
1680124355.3029685,0,76355,0,GPS1_FRAME,42.409726666666664,8.74195,9.6,0.9,478766.54957036185,4695301.585902541,,32,T
1680124356.3030412,0,76356,0,GPS1_FRAME,42.409708333333334,8.74203,9.9,0.9,478773.12613288336,4695299.530233591,,32,T
1680124357.3066761,0,76357,0,GPS1_FRAME,42.40970333333333,8.742118333333334,10.1,0.9,478780.39289623126,4695298.952981556,,32,T
1680124358.3064904,0,76358,0,GPS1_FRAME,42.40970166666666,8.742211666666666,10.1,0.9,478788.072205529,4695298.744611687,,32,T
1680124359.306168,0,76359,0,GPS1_FRAME,42.40970166666666,8.742308333333334,10.3,0.9,478796.0263576949,4695298.720479802,,32,T
1680124360.3062217,0,76360,0,GPS1_FRAME,42.40970166666666,8.74241,10.6,0.9,478804.391931518,4695298.695109481,,32,T
1680124361.3069959,0,76361,0,GPS1_FRAME,42.4097,8.742511666666667,10.7,0.9,478812.75694443006,4695298.484687645,,32,T
1680124362.3067245,0,76362,0,GPS1_FRAME,42.40969166666667,8.742615,11.4,0.9,478821.25685562065,4695297.533614216,,32,T
1680124363.3090017,0,76363,0,GPS1_FRAME,42.409686666666666,8.742721666666666,11.8,0.9,478830.0321711394,4695296.951843537,,32,T
1680124364.3061514,0,76364,0,GPS1_FRAME,42.409685,8.742825,11.9,0.9,478838.5343272944,4695296.741037239,,32,T
1680124365.306978,0,76365,0,GPS1_FRAME,42.409688333333335,8.74292,11.9,0.9,478846.3524609718,4695297.087500832,,32,T
1680124366.3077316,0,76366,0,GPS1_FRAME,42.40969333333334,8.742996666666667,11.8,0.9,478852.66260732943,4695297.623598189,,32,T
1680124367.3080657,0,76367,0,GPS1_FRAME,42.40969666666667,8.743048333333334,11.8,0.9,478856.91508453264,4695297.980861324,,32,T
1680124368.325183,0,76368,0,GPS1_FRAME,42.4097,8.743076666666667,12.0,0.9,478859.2475934802,4695298.343933261,,32,T
1680124369.309028,0,76369,0,GPS1_FRAME,42.40970166666666,8.743085,12.1,0.9,478859.933855923,4695298.526921078,,32,T
1680124370.3075404,0,76370,0,GPS1_FRAME,42.40970166666666,8.743086666666667,12.1,0.9,478860.07099647593,4695298.526506344,,32,T
1680124371.3251357,0,76371,0,GPS1_FRAME,42.40970166666666,8.743086666666667,12.1,0.9,478860.07099647593,4695298.526506344,,32,T
1680124372.3086994,0,76372,0,GPS1_FRAME,42.40970333333333,8.743086666666667,12.0,0.9,478860.0715561282,4695298.711567871,,32,T
1680124373.3091066,0,76373,0,GPS1_FRAME,42.409708333333334,8.743096666666666,11.8,0.9,478860.8960783218,4695299.264264105,,32,T
1680124374.3065467,0,76374,0,GPS1_FRAME,42.40972,8.743125,11.8,0.9,478863.23138447094,4695300.552645004,,32,T
1680124375.3078568,0,76375,0,GPS1_FRAME,42.409745,8.74316,11.7,0.9,478866.11972765205,4695303.319860426,,32,T
1680124376.3231995,0,76376,0,GPS1_FRAME,42.40978833333333,8.743185,11.7,0.9,478868.19137994957,4695308.125241259,,32,T
1680124377.3089848,0,76377,0,GPS1_FRAME,42.409848333333336,8.743196666666666,12.1,0.9,478869.17150140565,4695314.784554395,,32,T
1680124378.3094695,0,76378,0,GPS1_FRAME,42.40992,8.7432,12.4,0.9,478869.46983639203,4695322.74137118,,32,T
1680124379.3082592,0,76379,0,GPS1_FRAME,42.410003333333336,8.743198333333334,12.5,0.9,478869.3606669076,4695331.994862473,,32,T
1680124380.3230536,0,76380,0,GPS1_FRAME,42.410095,8.743195,12.7,0.9,478869.11715521757,4695342.174076157,,32,T
1680124381.3255694,0,76381,0,GPS1_FRAME,42.410196666666664,8.743191666666666,12.8,0.9,478868.8770009538,4695353.463659264,,32,T
1680124382.3077264,0,76382,0,GPS1_FRAME,42.41030666666666,8.743186666666666,12.7,0.9,478868.5025055946,4695365.678964888,,32,T
1680124383.3080385,0,76383,0,GPS1_FRAME,42.410425,8.74318,12.3,0.9,478867.9936700378,4695378.8199931,,32,T
1680124384.3240914,0,76384,0,GPS1_FRAME,42.41054666666667,8.743178333333333,12.0,0.9,478867.8973717194,4695392.329900967,,32,T
1680124385.3084993,0,76385,0,GPS1_FRAME,42.41067,8.74318,11.8,0.9,478868.07591038034,4695406.02404151,,32,T
1680124386.3091497,0,76386,0,GPS1_FRAME,42.41079833333333,8.74318,11.7,0.9,478868.11898881005,4695420.273781617,,32,T
1680124387.3096108,0,76387,0,GPS1_FRAME,42.41092666666667,8.74318,11.8,0.9,478868.16206734633,4695434.523522044,,32,T
1680124388.309084,0,76388,0,GPS1_FRAME,42.41105666666667,8.743178333333333,11.8,0.9,478868.0685678518,4695448.958738945,,32,T
1680124389.3074977,0,76389,0,GPS1_FRAME,42.41119,8.743176666666667,11.8,0.9,478867.9761879755,4695463.764079329,,32,T
1680124390.3105638,0,76390,0,GPS1_FRAME,42.41132666666667,8.743175,11.7,0.9,478867.8849277521,4695478.939543216,,32,T
1680124391.308611,0,76391,0,GPS1_FRAME,42.41146666666667,8.743171666666667,11.5,0.9,478867.65765050007,4695494.485545232,,32,T
1680124392.3263276,0,76392,0,GPS1_FRAME,42.411605,8.743168333333333,11.3,0.9,478867.4298151,4695509.8464860525,,32,T
1680124393.3099496,0,76393,0,GPS1_FRAME,42.411745,8.743163333333333,11.1,0.9,478867.0654044313,4695525.392903457,,32,T
1680124394.3090935,0,76394,0,GPS1_FRAME,42.411883333333336,8.74316,10.7,0.9,478866.8375719998,4695540.753845053,,32,T
1680124395.3090122,0,76395,0,GPS1_FRAME,42.41202333333333,8.743155,10.4,0.9,478866.47316492733,4695556.300263256,,32,T
1680124396.309386,0,76396,0,GPS1_FRAME,42.41216166666667,8.74315,10.2,0.9,478866.10820027074,4695571.661620261,,32,T
1680124397.3054428,0,76397,0,GPS1_FRAME,42.4123,8.743146666666666,9.9,0.9,478865.88037243864,4695587.022563019,,32,T
1680124398.3065884,0,76398,0,GPS1_FRAME,42.412436666666665,8.743143333333332,9.7,0.9,478865.65198637743,4695602.198444547,,32,T
1680124399.3075337,0,76399,0,GPS1_FRAME,42.412571666666665,8.74314,9.5,0.9,478865.423042061,4695617.189264828,,32,T
1680124400.3060448,0,76400,0,GPS1_FRAME,42.412706666666665,8.743138333333334,9.3,0.9,478865.3312330476,4695632.179670821,,32,T
1680124401.3066597,0,76401,0,GPS1_FRAME,42.41284,8.743136666666667,9.0,0.9,478865.23886516306,4695646.985015542,,32,T
1680124402.305677,0,76402,0,GPS1_FRAME,42.41297333333333,8.743136666666667,8.9,0.9,478865.28363140015,4695661.7899459535,,32,T
1680124403.3038409,0,76403,0,GPS1_FRAME,42.413105,8.743135,8.7,1.0,478865.1907050314,4695676.410229732,,32,T
1680124404.3032842,0,76404,0,GPS1_FRAME,42.41323333333333,8.743131666666667,8.7,1.0,478864.95952731173,4695690.66080523,,32,T
1680124405.3105378,0,76405,0,GPS1_FRAME,42.41336,8.743126666666667,8.6,0.9,478864.5906586328,4695704.726734087,,32,T
1680124406.306785,0,76406,0,GPS1_FRAME,42.41348333333333,8.743118333333333,8.4,0.9,478863.9464078484,4695718.42336935,,32,T
1680124407.3080306,0,76407,0,GPS1_FRAME,42.413603333333334,8.743106666666666,8.4,0.9,478863.0267764537,4695731.750711075,,32,T
1680124408.3066835,0,76408,0,GPS1_FRAME,42.413716666666666,8.743088333333333,8.4,0.9,478861.556382875,4695744.339465507,,32,T
1680124409.3066812,0,76409,0,GPS1_FRAME,42.41382,8.743063333333334,8.4,0.9,478859.53411008365,4695755.819509641,,32,T
1680124410.308021,0,76410,0,GPS1_FRAME,42.413911666666664,8.743033333333333,8.5,0.9,478857.0965313443,4695766.005367409,,32,T
1680124411.3088114,0,76411,0,GPS1_FRAME,42.413986666666666,8.743001666666666,8.5,0.9,478854.5162298302,4695774.341024436,,32,T
1680124412.3052883,0,76412,0,GPS1_FRAME,42.414046666666664,8.74297,8.7,2.0,478851.9308949779,4695781.011127542,,32,T
1680124413.3112411,0,76413,0,GPS1_FRAME,42.41408,8.74293,8.9,1.0,478848.6509496712,4695784.722319912,,32,T
1680124414.3114946,0,76414,0,GPS1_FRAME,42.414096666666666,8.742883333333333,9.1,1.0,478844.81688265735,4695786.584557408,,32,T
1680124415.3127,0,76415,0,GPS1_FRAME,42.414096666666666,8.74283,8.8,1.0,478840.4286913138,4695786.597840916,,32,T
1680124416.3181036,0,76416,0,GPS1_FRAME,42.41408666666667,8.742773333333334,8.4,1.0,478835.76287571515,4695785.50158765,,32,T
1680124417.3194165,0,76417,0,GPS1_FRAME,42.41407,8.742716666666666,8.2,1.0,478831.0948166117,4695783.665090823,,32,T
1680124418.3117445,0,76418,0,GPS1_FRAME,42.41405,8.742658333333333,8.1,1.0,478826.2885027009,4695781.458889199,,32,T
1680124419.3283546,0,76419,0,GPS1_FRAME,42.414035,8.742598333333333,8.1,1.0,478821.3467369032,4695779.8082914045,,32,T
1680124420.3115635,0,76420,0,GPS1_FRAME,42.41402166666666,8.742531666666666,8.0,1.0,478815.85700507404,4695778.344421283,,32,T
1680124421.3186758,0,76421,0,GPS1_FRAME,42.41401166666667,8.742463333333333,8.1,1.0,478810.2312618595,4695777.251094548,,32,T
1680124422.329165,0,76422,0,GPS1_FRAME,42.41400333333333,8.742393333333332,8.1,1.0,478804.46894687956,4695776.3432498565,,32,T
1680124423.3211572,0,76423,0,GPS1_FRAME,42.41399166666667,8.742326666666667,8.1,1.0,478798.9797700647,4695775.064454644,,32,T
1680124424.3121457,0,76424,0,GPS1_FRAME,42.41397666666667,8.742265,8.2,1.0,478793.90086194215,4695773.4142922,,32,T
1680124425.3134315,0,76425,0,GPS1_FRAME,42.413955,8.742208333333334,8.3,1.0,478789.23109877785,4695771.0226383,,32,T
1680124426.312878,0,76426,0,GPS1_FRAME,42.41393,8.742156666666666,8.4,1.0,478784.97160296235,4695768.259615456,,32,T
1680124427.3288417,0,76427,0,GPS1_FRAME,42.413896666666666,8.74211,8.4,1.0,478781.1206888407,4695764.570037934,,32,T
1680124428.3120534,0,76428,0,GPS1_FRAME,42.41385833333333,8.742068333333334,8.5,1.0,478777.67947937443,4695760.324028395,,32,T
1680124429.3132527,0,76429,0,GPS1_FRAME,42.41381333333333,8.742038333333333,8.4,1.0,478775.1959389025,4695755.334858843,,32,T
1680124430.3277779,0,76430,0,GPS1_FRAME,42.41376666666667,8.742025,8.3,1.0,478774.08314986085,4695750.156463886,,32,T
1680124431.3343484,0,76431,0,GPS1_FRAME,42.413718333333335,8.742026666666668,8.1,1.0,478774.2039834085,4695744.789259336,,32,T
1680124432.3183157,0,76432,0,GPS1_FRAME,42.413673333333335,8.742043333333333,8.0,1.0,478775.5601283073,4695739.788430237,,32,T
1680124433.3111336,0,76433,0,GPS1_FRAME,42.41363166666667,8.742073333333334,7.9,1.0,478778.0144549906,4695735.154393682,,32,T
1680124434.3056164,0,76434,0,GPS1_FRAME,42.41359666666666,8.742116666666666,7.8,1.0,478781.56808885233,4695731.257274136,,32,T
1680124435.3306274,0,76435,0,GPS1_FRAME,42.41357333333333,8.74217,7.8,1.0,478785.9484513985,4695728.653090653,,32,T
1680124436.3111682,0,76436,0,GPS1_FRAME,42.413556666666665,8.74223,7.8,1.0,478790.87959212565,4695726.787492041,,32,T
1680124437.311824,0,76437,0,GPS1_FRAME,42.41354833333333,8.742295,7.9,1.0,478796.22493913694,4695725.845957123,,32,T
1680124438.312176,0,76438,0,GPS1_FRAME,42.41354833333333,8.742361666666667,7.9,1.0,478801.7102261203,4695725.82931865,,32,T
1680124439.3147953,0,76439,0,GPS1_FRAME,42.413555,8.74243,8.0,1.0,478807.3348897745,4695726.552515291,,32,T
1680124440.31171,0,76440,0,GPS1_FRAME,42.41357,8.742493333333334,8.2,1.0,478812.5509607305,4695728.202271792,,32,T
1680124441.318661,0,76441,0,GPS1_FRAME,42.41359166666667,8.742548333333334,8.3,1.0,478817.0836122,4695730.594356788,,32,T
1680124442.3117495,0,76442,0,GPS1_FRAME,42.41362,8.7426,8.4,1.0,478821.3442395065,4695733.727522383,,32,T
1680124443.3288999,0,76443,0,GPS1_FRAME,42.413653333333336,8.742643333333334,8.4,1.0,478824.920885192,4695737.417952773,,32,T
1680124444.311849,0,76444,0,GPS1_FRAME,42.413693333333335,8.742678333333334,8.4,1.0,478827.81411008275,4695741.850708577,,32,T
1680124445.3120835,0,76445,0,GPS1_FRAME,42.413735,8.7427,8.4,1.0,478829.6108376903,4695746.471850065,,32,T
1680124446.3181415,0,76446,0,GPS1_FRAME,42.41377833333333,8.742713333333333,8.4,1.0,478830.72246507456,4695751.280130365,,32,T
1680124447.3127291,0,76447,0,GPS1_FRAME,42.41382333333333,8.742715,8.4,1.0,478830.8747304154,4695756.276379837,,32,T
1680124448.3116708,0,76448,0,GPS1_FRAME,42.413866666666664,8.742705,8.5,1.0,478830.0665147068,4695761.090475101,,32,T
1680124449.3121843,0,76449,0,GPS1_FRAME,42.41391,8.742685,8.6,1.0,478828.43551182415,4695765.90706277,,32,T
1680124450.3122222,0,76450,0,GPS1_FRAME,42.41394666666667,8.742653333333333,8.6,1.0,478825.84234960633,4695769.986312203,,32,T
1680124451.3124835,0,76451,0,GPS1_FRAME,42.41398,8.742611666666667,8.7,1.0,478822.4252816066,4695773.697932287,,32,T
1680124452.312957,0,76452,0,GPS1_FRAME,42.414005,8.742561666666667,8.7,1.0,478818.3197572248,4695776.486323639,,32,T
1680124453.314651,0,76453,0,GPS1_FRAME,42.41402333333333,8.742506666666667,8.8,1.0,478813.8005988885,4695778.535717768,,32,T
1680124454.3107224,0,76454,0,GPS1_FRAME,42.414033333333336,8.742446666666666,8.8,1.0,478808.8672444209,4695779.6610538,,32,T
1680124455.3123863,0,76455,0,GPS1_FRAME,42.414035,8.742383333333333,8.7,1.0,478803.6568231708,4695779.861916725,,32,T
1680124456.31199,0,76456,0,GPS1_FRAME,42.41403,8.74232,8.7,1.0,478798.4441567192,4695779.322536865,,32,T
1680124457.3131437,0,76457,0,GPS1_FRAME,42.41401833333333,8.74226,8.7,1.0,478793.5035057087,4695778.042082069,,32,T
1680124458.31273,0,76458,0,GPS1_FRAME,42.41399666666667,8.742203333333332,8.7,1.0,478788.833745481,4695775.65042843,,32,T
1680124459.31236,0,76459,0,GPS1_FRAME,42.41397,8.742151666666667,8.7,1.0,478784.5736905759,4695772.702344152,,32,T
1680124460.310998,0,76460,0,GPS1_FRAME,42.413935,8.742106666666666,8.7,1.0,478780.85934816254,4695768.827288846,,32,T
1680124461.3120387,0,76461,0,GPS1_FRAME,42.413891666666665,8.74207,8.7,1.0,478777.8278491197,4695764.024845273,,32,T
1680124462.313814,0,76462,0,GPS1_FRAME,42.41384166666667,8.742043333333333,8.7,1.0,478775.6168871815,4695758.479657808,,32,T
1680124463.3124785,0,76463,0,GPS1_FRAME,42.413788333333336,8.742028333333334,8.5,1.0,478774.3647192829,4695752.561432566,,32,T
1680124464.3117213,0,76464,0,GPS1_FRAME,42.41373333333333,8.742026666666668,8.4,1.0,478774.20904145367,4695746.454814258,,32,T
1680124465.3207412,0,76465,0,GPS1_FRAME,42.41367833333333,8.74204,8.2,1.0,478775.2875504281,4695740.344448056,,32,T
1680124466.312253,0,76466,0,GPS1_FRAME,42.41363,8.742071666666666,8.1,1.0,478777.8767610901,4695734.969748402,,32,T
1680124467.3118327,0,76467,0,GPS1_FRAME,42.41359166666667,8.742115,8.0,1.0,478781.4292713502,4695730.7025054805,,32,T
1680124468.3113666,0,76468,0,GPS1_FRAME,42.413561666666666,8.742168333333334,7.9,1.0,478785.80738741637,4695727.358075301,,32,T
1680124469.3125432,0,76469,0,GPS1_FRAME,42.41354166666667,8.742228333333333,7.9,1.0,478790.73740589403,4695725.122353293,,32,T
1680124470.3352337,0,76470,0,GPS1_FRAME,42.41353333333333,8.742291666666667,7.9,1.0,478795.9456219561,4695724.181234294,,32,T
1680124471.3135216,0,76471,0,GPS1_FRAME,42.41353333333333,8.742356666666666,7.9,1.0,478801.2937780403,4695724.1650115205,,32,T
1680124472.3137448,0,76472,0,GPS1_FRAME,42.413545,8.742421666666667,7.8,0.9,478806.6458621192,4695725.444224401,,32,T
1680124473.3236992,0,76473,0,GPS1_FRAME,42.413563333333336,8.742481666666666,7.9,0.9,478811.5887917914,4695727.464935116,,32,T
1680124474.3130808,0,76474,0,GPS1_FRAME,42.41359166666667,8.742536666666666,8.1,1.0,478816.1236876398,4695730.597266101,,32,T
1680124475.3191335,0,76475,0,GPS1_FRAME,42.413625,8.742583333333334,8.2,1.0,478819.9746016981,4695734.286862712,,32,T
1680124476.3115456,0,76476,0,GPS1_FRAME,42.41366166666667,8.742623333333334,8.2,1.0,478823.2781053672,4695738.348246684,,32,T
1680124477.3175116,0,76477,0,GPS1_FRAME,42.41370333333333,8.742653333333333,8.3,1.0,478825.7604960422,4695742.967309773,,32,T
1680124478.3284938,0,76478,0,GPS1_FRAME,42.41374833333333,8.742671666666666,8.3,1.0,478827.2840824414,4695747.95940487,,32,T
1680124479.3126957,0,76479,0,GPS1_FRAME,42.41379333333333,8.742678333333334,8.4,1.0,478827.84774521296,4695752.954408045,,32,T
1680124480.311746,0,76480,0,GPS1_FRAME,42.41383666666667,8.742675,8.4,1.0,478827.5880573636,4695757.7668420095,,32,T
1680124481.3310125,0,76481,0,GPS1_FRAME,42.41387666666667,8.742661666666667,8.4,1.0,478826.50445994607,4695762.211645192,,32,T
1680124482.3316,0,76482,0,GPS1_FRAME,42.413915,8.742635,8.4,1.0,478824.3232522792,4695766.474710565,,32,T
1680124483.3142686,0,76483,0,GPS1_FRAME,42.41394833333333,8.742595,8.5,1.0,478821.0433146484,4695770.185915835,,32,T
1680124484.3130302,0,76484,0,GPS1_FRAME,42.413975,8.742545,8.5,1.0,478816.9383496144,4695773.159369643,,32,T
1680124485.3122687,0,76485,0,GPS1_FRAME,42.41399166666667,8.742488333333334,8.6,1.0,478812.2814973082,4695775.024118685,,32,T
1680124486.329824,0,76486,0,GPS1_FRAME,42.414,8.742428333333333,8.6,1.0,478807.34757946106,4695775.964394109,,32,T
1680124487.3133957,0,76487,0,GPS1_FRAME,42.41399833333333,8.742363333333333,8.6,1.0,478801.99890175514,4695775.795550727,,32,T
1680124488.312401,0,76488,0,GPS1_FRAME,42.413988333333336,8.742298333333334,8.7,1.0,478796.64741668536,4695774.701403107,,32,T
1680124489.3152955,0,76489,0,GPS1_FRAME,42.41396833333334,8.742238333333333,8.7,1.0,478791.7039543461,4695772.49564125,,32,T
1680124490.3124294,0,76490,0,GPS1_FRAME,42.41394,8.742186666666667,8.7,1.0,478787.4433370927,4695769.362493569,,32,T
1680124491.3130813,0,76491,0,GPS1_FRAME,42.41390333333333,8.742143333333333,8.7,1.0,478783.8655641699,4695765.301958832,,32,T
1680124492.3118038,0,76492,0,GPS1_FRAME,42.41386,8.742111666666666,8.7,1.0,478781.245460183,4695760.498265036,,32,T
1680124493.3126838,0,76493,0,GPS1_FRAME,42.41381166666667,8.742091666666667,8.6,1.0,478779.5835881593,4695755.136472789,,32,T
1680124494.3349495,0,76494,0,GPS1_FRAME,42.413758333333334,8.742085,8.5,1.0,478779.01708163955,4695749.216165069,,32,T
1680124495.3205738,0,76495,0,GPS1_FRAME,42.41370666666667,8.742093333333333,8.4,1.0,478779.68532257073,4695743.477171923,,32,T
1680124496.3117824,0,76496,0,GPS1_FRAME,42.413655,8.742118333333334,8.3,1.0,478781.72488407115,4695737.734015752,,32,T
1680124497.3123474,0,76497,0,GPS1_FRAME,42.41361,8.742156666666666,8.2,1.0,478784.8637522844,4695732.727776857,,32,T
1680124498.312348,0,76498,0,GPS1_FRAME,42.41357333333333,8.742208333333334,8.2,1.0,478789.1024901661,4695728.643518363,,32,T
1680124499.3132408,0,76499,0,GPS1_FRAME,42.41354833333333,8.742266666666666,8.2,1.0,478793.8936921678,4695725.853029777,,32,T
1680124500.312148,0,76500,0,GPS1_FRAME,42.413535,8.742329999999999,8.3,1.0,478799.1002240652,4695724.356728174,,32,T
1680124501.3139622,0,76501,0,GPS1_FRAME,42.41353333333333,8.742396666666666,8.3,1.0,478804.58495101426,4695724.155030309,,32,T
1680124502.3120217,0,76502,0,GPS1_FRAME,42.41354166666667,8.742461666666667,8.5,1.0,478809.9359123688,4695725.064122405,,32,T
1680124503.3111231,0,76503,0,GPS1_FRAME,42.413561666666666,8.742521666666667,8.6,1.0,478814.87940226897,4695727.269897094,,32,T
1680124504.3131368,0,76504,0,GPS1_FRAME,42.41359,8.742576666666666,8.6,0.9,478819.41429675417,4695730.402230211,,32,T
1680124505.312041,0,76505,0,GPS1_FRAME,42.413626666666666,8.742621666666667,8.6,1.0,478823.1291985751,4695734.462367422,,32,T
1680124506.3216274,0,76506,0,GPS1_FRAME,42.413668333333334,8.742653333333333,8.6,1.0,478825.74872261594,4695739.081014995,,32,T
1680124507.320498,0,76507,0,GPS1_FRAME,42.413711666666664,8.742673333333332,8.7,1.0,478827.40888106154,4695743.887633001,,32,T
1680124508.3119884,0,76508,0,GPS1_FRAME,42.413755,8.742681666666666,8.7,1.0,478828.10911518504,4695748.697159103,,32,T
1680124509.3132317,0,76509,0,GPS1_FRAME,42.41379833333333,8.742681666666666,8.7,1.0,478828.1236902287,4695753.508762235,,32,T
1680124510.3124866,0,76510,0,GPS1_FRAME,42.41384166666667,8.742673333333332,8.8,1.0,478827.4526076085,4695758.322442395,,32,T
1680124511.3128896,0,76511,0,GPS1_FRAME,42.41388166666667,8.742653333333333,8.8,1.0,478825.8204845756,4695762.768907332,,32,T
1680124512.3119347,0,76512,0,GPS1_FRAME,42.41392,8.742625,8.8,1.0,478823.50214613584,4695767.03238841,,32,T
1680124513.3211179,0,76513,0,GPS1_FRAME,42.413955,8.742586666666666,8.9,1.0,478820.35990128375,4695770.928240188,,32,T
1680124514.313152,0,76514,0,GPS1_FRAME,42.413985,8.742538333333334,8.9,1.0,478816.3931899926,4695774.2714021085,,32,T
1680124515.312653,0,76515,0,GPS1_FRAME,42.414006666666666,8.742485,9.0,1.0,478812.0122839758,4695776.690505095,,32,T
1680124516.312113,0,76516,0,GPS1_FRAME,42.41402166666666,8.742423333333333,9.0,1.0,478806.94348076114,4695778.371443192,,32,T
1680124517.3182268,0,76517,0,GPS1_FRAME,42.414026666666665,8.742358333333334,9.0,1.0,478801.5970500275,4695778.9428467965,,32,T
1680124518.3142805,0,76518,0,GPS1_FRAME,42.414025,8.742293333333333,9.1,1.0,478796.24837443186,4695778.774007822,,32,T
1680124519.319772,0,76519,0,GPS1_FRAME,42.41401166666667,8.742231666666667,9.2,1.0,478791.17002989963,4695777.308909027,,32,T
1680124520.3111484,0,76520,0,GPS1_FRAME,42.41399166666667,8.742175,9.3,1.0,478786.5008300604,4695775.102318609,,32,T
1680124521.329235,0,76521,0,GPS1_FRAME,42.41396,8.742125,9.4,1.0,478782.37621971616,4695771.598634464,,32,T
1680124522.3122387,0,76522,0,GPS1_FRAME,42.41392166666667,8.742083333333333,9.4,1.0,478778.9350144376,4695767.352624275,,32,T
1680124523.3143635,0,76523,0,GPS1_FRAME,42.41387666666667,8.742051666666667,9.5,1.0,478776.3143458525,4695762.36387064,,32,T
1680124524.3342962,0,76524,0,GPS1_FRAME,42.41383,8.742033333333334,9.4,1.0,478774.79016402556,4695757.186724758,,32,T
1680124525.3199916,0,76525,0,GPS1_FRAME,42.41378,8.742026666666668,9.3,1.0,478774.22477760346,4695751.636540715,,32,T
1680124526.3126276,0,76526,0,GPS1_FRAME,42.41373,8.742033333333334,9.2,1.0,478774.7564445607,4695746.083025167,,32,T
1680124527.312196,0,76527,0,GPS1_FRAME,42.41368166666667,8.742051666666667,9.1,1.0,478776.2485975702,4695740.711656442,,32,T
1680124528.3278556,0,76528,0,GPS1_FRAME,42.413635,8.742081666666667,9.0,1.0,478778.70123872545,4695735.5224351585,,32,T
1680124529.3204787,0,76529,0,GPS1_FRAME,42.41359333333333,8.742123333333334,8.9,1.0,478782.1154935451,4695730.885485637,,32,T
1680124530.3188727,0,76530,0,GPS1_FRAME,42.413561666666666,8.742173333333334,8.9,1.0,478786.21878385305,4695727.356826653,,32,T
1680124531.3189814,0,76531,0,GPS1_FRAME,42.41354166666667,8.742231666666667,8.9,1.0,478791.01167027286,4695725.121521051,,32,T
1680124532.3282342,0,76532,0,GPS1_FRAME,42.41353,8.742293333333333,8.8,1.0,478796.0816313186,4695723.810694971,,32,T
1680124533.3124065,0,76533,0,GPS1_FRAME,42.41353,8.742356666666666,8.9,1.0,478801.2926554723,4695723.794888218,,32,T
1680124534.3142576,0,76534,0,GPS1_FRAME,42.41354166666667,8.74242,8.9,1.0,478806.5076076439,4695725.07451691,,32,T
1680124535.329545,0,76535,0,GPS1_FRAME,42.413561666666666,8.742476666666667,9.2,1.0,478811.17683434364,4695727.281120617,,32,T
1680124536.3296676,0,76536,0,GPS1_FRAME,42.41358666666667,8.742526666666667,9.4,1.0,478815.29921241594,4695730.044574944,,32,T
1680124537.3193855,0,76537,0,GPS1_FRAME,42.41361333333333,8.742568333333333,9.5,1.0,478818.7364878669,4695732.995171196,,32,T
1680124538.31382,0,76538,0,GPS1_FRAME,42.41364166666666,8.742603333333333,9.5,1.0,478821.62579326314,4695736.132492846,,32,T
1680124539.3132439,0,76539,0,GPS1_FRAME,42.41367,8.742635,9.5,1.0,478824.24083225464,4695739.270646625,,32,T
1680124540.3123484,0,76540,0,GPS1_FRAME,42.413695,8.74266,9.5,1.0,478826.3062202645,4695742.040339761,,32,T
1680124541.3138807,0,76541,0,GPS1_FRAME,42.413718333333335,8.742678333333334,9.5,1.0,478827.82251885923,4695744.626633426,,32,T
1680124542.319117,0,76542,0,GPS1_FRAME,42.41374166666667,8.742693333333333,9.5,1.0,478829.06455283036,4695747.213758165,,32,T
1680124543.314564,0,76543,0,GPS1_FRAME,42.413763333333335,8.742706666666667,9.5,1.0,478830.1688936645,4695749.616236821,,32,T
1680124544.312175,0,76544,0,GPS1_FRAME,42.41378666666667,8.742715,9.5,1.0,478830.86239927704,4695752.205023322,,32,T
1680124545.3136814,0,76545,0,GPS1_FRAME,42.41381,8.742721666666666,9.5,1.0,478831.4187727815,4695754.794225225,,32,T
1680124546.313235,0,76546,0,GPS1_FRAME,42.41384,8.742726666666666,9.6,1.0,478831.840256253,4695758.124089143,,32,T
1680124547.336824,0,76547,0,GPS1_FRAME,42.413871666666665,8.742725,9.6,1.0,478831.7137739311,4695761.64067603,,32,T
1680124548.3132832,0,76548,0,GPS1_FRAME,42.41390666666667,8.742715,9.6,1.0,478830.9027557623,4695765.529462921,,32,T
1680124549.3146708,0,76549,0,GPS1_FRAME,42.413941666666666,8.742696666666667,9.7,1.0,478829.40608193184,4695769.420326739,,32,T
1680124550.3123765,0,76550,0,GPS1_FRAME,42.413975,8.742671666666666,9.7,1.0,478827.360324219,4695773.127790854,,32,T
1680124551.3132398,0,76551,0,GPS1_FRAME,42.414005,8.742636666666666,9.7,1.0,478824.4906602993,4695776.467625003,,32,T
1680124552.3126097,0,76552,0,GPS1_FRAME,42.414028333333334,8.742593333333334,9.7,1.0,478820.9331004662,4695779.069291329,,32,T
1680124553.3166654,0,76553,0,GPS1_FRAME,42.414045,8.742543333333334,9.7,1.0,478816.82477543515,4695780.932375255,,32,T
1680124554.31348,0,76554,0,GPS1_FRAME,42.414053333333335,8.742493333333334,9.7,1.0,478812.7136476212,4695781.870153268,,32,T
1680124555.3148427,0,76555,0,GPS1_FRAME,42.414053333333335,8.74244,9.7,1.0,478808.3254532443,4695781.883456922,,32,T
1680124556.3111298,0,76556,0,GPS1_FRAME,42.414045,8.742385,9.7,1.0,478803.79732165294,4695780.97187086,,32,T
1680124557.3134673,0,76557,0,GPS1_FRAME,42.41403,8.742331666666667,9.7,1.0,478799.4040745963,4695779.319625099,,32,T
1680124558.3135266,0,76558,0,GPS1_FRAME,42.414008333333335,8.742280000000001,9.8,1.0,478795.1457107803,4695776.926719389,,32,T
1680124559.3152473,0,76559,0,GPS1_FRAME,42.41398,8.742231666666667,9.9,1.0,478791.1593602343,4695773.792737362,,32,T
1680124560.3191514,0,76560,0,GPS1_FRAME,42.413945,8.742188333333333,9.9,1.0,478787.58215338085,4695769.917262374,,32,T
1680124561.3133616,0,76561,0,GPS1_FRAME,42.41390666666667,8.74215,9.9,1.0,478784.4152132507,4695765.670417137,,32,T
1680124562.3144526,0,76562,0,GPS1_FRAME,42.41386166666667,8.742121666666666,9.9,1.0,478782.0688109565,4695760.680828876,,32,T
1680124563.311661,0,76563,0,GPS1_FRAME,42.413815,8.7421,9.7,1.0,478780.2703698573,4695755.504514422,,32,T
1680124564.3121424,0,76564,0,GPS1_FRAME,42.413763333333335,8.742088333333333,9.6,1.0,478779.2930306878,4695749.770517341,,32,T
1680124565.3136802,0,76565,0,GPS1_FRAME,42.41371,8.742088333333333,9.4,1.0,478779.2750508225,4695743.848544273,,32,T
1680124566.3197944,0,76566,0,GPS1_FRAME,42.41366,8.742103333333333,9.2,1.0,478780.4923821003,4695738.292947536,,32,T
1680124567.3212175,0,76567,0,GPS1_FRAME,42.41361333333333,8.742131666666667,9.1,1.0,478782.80789522815,4695733.104144054,,32,T
1680124568.3122401,0,76568,0,GPS1_FRAME,42.413575,8.74217,8.8,1.0,478785.94901308964,4695728.838152305,,32,T
1680124569.3183825,0,76569,0,GPS1_FRAME,42.41354666666667,8.742216666666668,8.8,1.0,478789.7791653386,4695725.680451179,,32,T
1680124570.3133657,0,76570,0,GPS1_FRAME,42.413525,8.74227,8.8,1.0,478794.1600958976,4695723.2613345375,,32,T
1680124571.3374565,0,76571,0,GPS1_FRAME,42.413513333333334,8.742326666666667,8.9,1.0,478798.81866211706,4695721.951758633,,32,T
1680124572.3143592,0,76572,0,GPS1_FRAME,42.413511666666665,8.742385,8.9,1.0,478803.6177296753,4695721.752139872,,32,T
1680124573.313332,0,76573,0,GPS1_FRAME,42.413518333333336,8.74244,8.9,1.0,478808.1453384785,4695722.478664221,,32,T
1680124574.32982,0,76574,0,GPS1_FRAME,42.413531666666664,8.742495,8.9,1.0,478812.675190254,4695723.945438103,,32,T
1680124575.313556,0,76575,0,GPS1_FRAME,42.41355333333333,8.742546666666666,9.1,1.0,478816.9335800972,4695726.33835439,,32,T
1680124576.312852,0,76576,0,GPS1_FRAME,42.413581666666666,8.742593333333334,9.1,1.0,478820.7828137448,4695729.472766471,,32,T
1680124577.3196018,0,76577,0,GPS1_FRAME,42.41361333333333,8.742633333333334,9.1,1.0,478824.0846371433,4695732.9789658375,,32,T
1680124578.3195477,0,76578,0,GPS1_FRAME,42.41365,8.742665,9.1,1.0,478826.7024792561,4695737.042428796,,32,T
1680124579.3354998,0,76579,0,GPS1_FRAME,42.41369,8.742686666666668,9.1,1.0,478828.4986482409,4695741.478508313,,32,T
1680124580.3131146,0,76580,0,GPS1_FRAME,42.41372833333333,8.7427,9.1,1.0,478829.6085955376,4695745.731603432,,32,T
1680124581.3123357,0,76581,0,GPS1_FRAME,42.41376666666667,8.742705,9.1,1.0,478830.0328830148,4695749.98677549,,32,T
1680124582.3287234,0,76582,0,GPS1_FRAME,42.413806666666666,8.742706666666667,9.1,1.0,478830.18346729444,4695754.427839959,,32,T
1680124583.3140526,0,76583,0,GPS1_FRAME,42.41385,8.742706666666667,9.2,1.0,478830.1980409365,4695759.239443133,,32,T
1680124584.3134227,0,76584,0,GPS1_FRAME,42.413895,8.742705,9.2,1.0,478830.076043698,4695764.236523358,,32,T
1680124585.3368146,0,76585,0,GPS1_FRAME,42.413941666666666,8.742708333333333,9.3,1.0,478830.3660011534,4695769.41741923,,32,T
1680124586.3304672,0,76586,0,GPS1_FRAME,42.413985,8.742716666666666,9.4,1.0,478831.0662308535,4695774.226945806,,32,T
1680124587.3141737,0,76587,0,GPS1_FRAME,42.41402333333333,8.742735,9.4,1.0,478832.5875649963,4695778.478795601,,32,T
1680124588.312959,0,76588,0,GPS1_FRAME,42.414051666666666,8.742758333333333,9.4,1.0,478834.5169279927,4695781.619029924,,32,T
1680124589.313938,0,76589,0,GPS1_FRAME,42.414071666666665,8.742785,9.5,1.0,478836.7177495142,4695783.833125989,,32,T
1680124590.3195393,0,76590,0,GPS1_FRAME,42.414085,8.742813333333334,9.6,1.0,478839.05345945264,4695785.306560896,,32,T
1680124591.321507,0,76591,0,GPS1_FRAME,42.414096666666666,8.742841666666667,9.8,1.0,478841.3886081686,4695786.594934913,,32,T
1680124592.3137386,0,76592,0,GPS1_FRAME,42.41410333333334,8.742863333333332,9.9,1.0,478843.17355164874,4695787.329785079,,32,T
1680124593.313157,0,76593,0,GPS1_FRAME,42.414105,8.742875,9.9,1.0,478844.1340285646,4695787.51194112,,32,T
1680124594.3138707,0,76594,0,GPS1_FRAME,42.414105,8.742876666666668,9.9,1.0,478844.2711595251,4695787.511526041,,32,T
1680124595.3220608,0,76595,0,GPS1_FRAME,42.414105,8.742876666666668,9.9,1.0,478844.2711595251,4695787.511526041,,32,T
1680124596.3128498,0,76596,0,GPS1_FRAME,42.414105,8.742876666666668,9.9,1.0,478844.2711595251,4695787.511526041,,32,T
1680124597.337346,0,76597,0,GPS1_FRAME,42.414105,8.742876666666668,9.9,1.0,478844.2711595251,4695787.511526041,,32,T
1680124598.3132486,0,76598,0,GPS1_FRAME,42.414105,8.742876666666668,9.9,1.0,478844.2711595251,4695787.511526041,,32,T
1680124599.3134046,0,76599,0,GPS1_FRAME,42.414105,8.742876666666668,9.9,1.0,478844.2711595251,4695787.511526041,,32,T
1680124600.317039,0,76600,0,GPS1_FRAME,42.414105,8.742876666666668,9.9,0.9,478844.2711595251,4695787.511526041,,32,T
1680124601.312487,0,76601,0,GPS1_FRAME,42.414105,8.742876666666668,9.9,1.0,478844.2711595251,4695787.511526041,,32,T
1680124602.312735,0,76602,0,GPS1_FRAME,42.414105,8.742876666666668,9.9,1.0,478844.2711595251,4695787.511526041,,32,T
1680124603.3209467,0,76603,0,GPS1_FRAME,42.414105,8.742876666666668,9.9,1.0,478844.2711595251,4695787.511526041,,32,T
1680124604.3130643,0,76604,0,GPS1_FRAME,42.414105,8.742876666666668,9.9,1.0,478844.2711595251,4695787.511526041,,32,T
1680124605.3127139,0,76605,0,GPS1_FRAME,42.414105,8.742876666666668,9.9,1.0,478844.2711595251,4695787.511526041,,32,T
1680124606.312979,0,76606,0,GPS1_FRAME,42.414105,8.742876666666668,9.9,1.0,478844.2711595251,4695787.511526041,,32,T
1680124607.3138573,0,76607,0,GPS1_FRAME,42.414105,8.742876666666668,9.9,1.0,478844.2711595251,4695787.511526041,,32,T
1680124608.3128715,0,76608,0,GPS1_FRAME,42.414105,8.742876666666668,9.9,1.0,478844.2711595251,4695787.511526041,,32,T
1680124609.314551,0,76609,0,GPS1_FRAME,42.414105,8.742876666666668,9.9,1.0,478844.2711595251,4695787.511526041,,32,T
1680124610.3141031,0,76610,0,GPS1_FRAME,42.414105,8.742876666666668,9.9,1.0,478844.2711595251,4695787.511526041,,32,T
1680124611.3148088,0,76611,0,GPS1_FRAME,42.414105,8.742876666666668,9.9,1.0,478844.2711595251,4695787.511526041,,32,T
1680124612.3131292,0,76612,0,GPS1_FRAME,42.414105,8.742876666666668,9.9,1.0,478844.2711595251,4695787.511526041,,32,T
1680124613.32144,0,76613,0,GPS1_FRAME,42.414105,8.742876666666668,9.9,1.0,478844.2711595251,4695787.511526041,,32,T
1680124614.3207452,0,76614,0,GPS1_FRAME,42.414105,8.742876666666668,9.9,1.0,478844.2711595251,4695787.511526041,,32,T
1680124615.3209429,0,76615,0,GPS1_FRAME,42.414105,8.742876666666668,9.9,1.0,478844.2711595251,4695787.511526041,,32,T
1680124616.312995,0,76616,0,GPS1_FRAME,42.414105,8.742876666666668,9.9,1.0,478844.2711595251,4695787.511526041,,32,T
1680124617.3132641,0,76617,0,GPS1_FRAME,42.414105,8.742876666666668,9.9,1.0,478844.2711595251,4695787.511526041,,32,T
1680124618.3129885,0,76618,0,GPS1_FRAME,42.414105,8.742876666666668,9.9,1.0,478844.2711595251,4695787.511526041,,32,T
1680124619.3136322,0,76619,0,GPS1_FRAME,42.414105,8.742876666666668,9.9,1.0,478844.2711595251,4695787.511526041,,32,T
1680124620.319841,0,76620,0,GPS1_FRAME,42.414105,8.742876666666668,9.9,1.0,478844.2711595251,4695787.511526041,,32,T
1680124621.3554397,0,76621,0,GPS1_FRAME,42.414105,8.742876666666668,9.9,1.0,478844.2711595251,4695787.511526041,,32,T
1680124622.3224134,0,76622,0,GPS1_FRAME,42.414105,8.742876666666668,9.9,0.9,478844.2711595251,4695787.511526041,,32,T
1680124623.3219216,0,76623,0,GPS1_FRAME,42.414105,8.742876666666668,9.9,0.9,478844.2711595251,4695787.511526041,,32,T
1680124624.3215766,0,76624,0,GPS1_FRAME,42.414105,8.742876666666668,9.9,0.9,478844.2711595251,4695787.511526041,,32,T
1680124625.3389745,0,76625,0,GPS1_FRAME,42.414105,8.742876666666668,9.9,0.9,478844.2711595251,4695787.511526041,,32,T
1680124626.3216965,0,76626,0,GPS1_FRAME,42.414105,8.742876666666668,9.9,0.9,478844.2711595251,4695787.511526041,,32,T
1680124627.3160589,0,76627,0,GPS1_FRAME,42.414105,8.742876666666668,9.9,0.9,478844.2711595251,4695787.511526041,,32,T
1680124628.3220737,0,76628,0,GPS1_FRAME,42.414105,8.742876666666668,9.9,0.9,478844.2711595251,4695787.511526041,,32,T
1680124629.3387792,0,76629,0,GPS1_FRAME,42.414105,8.742876666666668,9.9,0.9,478844.2711595251,4695787.511526041,,32,T
1680124630.321249,0,76630,0,GPS1_FRAME,42.414105,8.742876666666668,9.9,0.9,478844.2711595251,4695787.511526041,,32,T
1680124631.322245,0,76631,0,GPS1_FRAME,42.414105,8.742876666666668,9.9,0.9,478844.2711595251,4695787.511526041,,32,T
1680124632.337543,0,76632,0,GPS1_FRAME,42.414105,8.742876666666668,9.9,0.9,478844.2711595251,4695787.511526041,,32,T
1680124633.3234394,0,76633,0,GPS1_FRAME,42.414105,8.74288,9.9,0.9,478844.5454214481,4695787.510695891,,32,T
1680124634.3220046,0,76634,0,GPS1_FRAME,42.41410666666667,8.742893333333333,9.9,0.9,478845.64302925905,4695787.692437072,,32,T
1680124635.3234665,0,76635,0,GPS1_FRAME,42.41410833333333,8.742918333333334,9.9,0.9,478847.7005536902,4695787.871273286,,32,T
1680124636.3328595,0,76636,0,GPS1_FRAME,42.41410666666667,8.742951666666666,9.8,0.9,478850.44261277583,4695787.677911954,,32,T
1680124637.3157198,0,76637,0,GPS1_FRAME,42.4141,8.742991666666667,9.8,0.9,478853.7315161313,4695786.9277071,,32,T
1680124638.3224247,0,76638,0,GPS1_FRAME,42.41408333333333,8.743038333333333,9.8,0.9,478857.5655853008,4695785.065474501,,32,T
1680124639.324505,0,76639,0,GPS1_FRAME,42.41405,8.743086666666667,9.8,0.9,478861.5311905526,4695781.352212603,,32,T
1680124640.322013,0,76640,0,GPS1_FRAME,42.41400333333333,8.743128333333333,9.8,0.9,478864.9437985474,4695776.160118328,,32,T
1680124641.323058,0,76641,0,GPS1_FRAME,42.413941666666666,8.74316,9.8,0.9,478867.5285880848,4695769.304958475,,32,T
1680124642.3254702,0,76642,0,GPS1_FRAME,42.41387,8.743185,9.8,0.9,478869.56150004925,4695761.341088,,32,T
1680124643.32251,0,76643,0,GPS1_FRAME,42.41379166666667,8.743203333333334,9.8,0.9,478871.04365244624,4695752.638629774,,32,T
1680124644.315138,0,76644,0,GPS1_FRAME,42.413705,8.743221666666667,9.8,0.9,478872.5230116279,4695743.010863713,,32,T
1680124645.3231544,0,76645,0,GPS1_FRAME,42.41361,8.743238333333334,9.7,0.9,478873.8624461709,4695732.458204354,,32,T
1680124646.3226078,0,76646,0,GPS1_FRAME,42.41350833333333,8.743248333333334,9.6,0.9,478874.65111856256,4695721.166956727,,32,T
1680124647.3223596,0,76647,0,GPS1_FRAME,42.413403333333335,8.743256666666667,9.6,0.9,478875.30154255155,4695709.506000573,,32,T
1680124648.3388836,0,76648,0,GPS1_FRAME,42.413291666666666,8.74326,9.6,0.9,478875.53833349096,4695697.106041487,,32,T
1680124649.3244605,0,76649,0,GPS1_FRAME,42.413175,8.74326,9.6,0.9,478875.499181595,4695684.151726649,,32,T
1680124650.3164544,0,76650,0,GPS1_FRAME,42.41305,8.743261666666667,9.6,0.9,478875.59436649113,4695670.271689446,,32,T
1680124651.3191597,0,76651,0,GPS1_FRAME,42.41292,8.743261666666667,9.7,0.9,478875.55074058485,4695655.83688211,,32,T
1680124652.3154821,0,76652,0,GPS1_FRAME,42.412791666666664,8.74326,9.8,0.9,478875.370540271,4695641.587551184,,32,T
1680124653.322125,0,76653,0,GPS1_FRAME,42.412663333333334,8.743258333333333,9.9,0.9,478875.1903395024,4695627.33822058,,32,T
1680124654.3246965,0,76654,0,GPS1_FRAME,42.412531666666666,8.743258333333333,10.0,0.9,478875.14615404606,4695612.7183526,,32,T
1680124655.3254209,0,76655,0,GPS1_FRAME,42.412396666666666,8.743261666666667,10.1,0.9,478875.3751194526,4695597.727532819,,32,T
1680124656.3205984,0,76656,0,GPS1_FRAME,42.412258333333334,8.743263333333333,10.2,0.9,478875.4658325875,4695582.367004632,,32,T
1680124657.325457,0,76657,0,GPS1_FRAME,42.41212,8.743265000000001,10.2,0.9,478875.55654644687,4695567.006476821,,32,T
1680124658.3238564,0,76658,0,GPS1_FRAME,42.41197833333333,8.743268333333333,10.3,0.9,478875.78327805846,4695551.275411739,,32,T
1680124659.318704,0,76659,0,GPS1_FRAME,42.411836666666666,8.743269999999999,10.4,0.9,478875.8728751305,4695535.544761499,,32,T
1680124660.3176723,0,76660,0,GPS1_FRAME,42.411695,8.743269999999999,10.5,0.9,478875.8253367393,4695519.814526087,,32,T
1680124661.318036,0,76661,0,GPS1_FRAME,42.411555,8.743269999999999,10.5,0.9,478875.7783577509,4695504.269352651,,32,T
1680124662.3253481,0,76662,0,GPS1_FRAME,42.41141833333333,8.743269999999999,10.6,0.9,478875.7324974321,4695489.0943027595,,32,T
1680124663.325962,0,76663,0,GPS1_FRAME,42.411285,8.743269999999999,10.7,0.9,478875.6877557742,4695474.289376384,,32,T
1680124664.3186986,0,76664,0,GPS1_FRAME,42.41115,8.743271666666667,10.9,0.9,478875.77959236235,4695459.298974343,,32,T
1680124665.3235164,0,76665,0,GPS1_FRAME,42.41101333333334,8.743273333333333,11.0,0.9,478875.87087039475,4695444.123511092,,32,T
1680124666.324351,0,76666,0,GPS1_FRAME,42.410875,8.743276666666667,11.0,0.9,478876.09872788755,4695428.76257221,,32,T
1680124667.3251047,0,76667,0,GPS1_FRAME,42.410735,8.74328,11.1,0.9,478876.3260274672,4695413.216572153,,32,T
1680124668.3177285,0,76668,0,GPS1_FRAME,42.410595,8.74328,11.1,0.9,478876.27905117825,4695397.671401327,,32,T
1680124669.3188918,0,76669,0,GPS1_FRAME,42.41045666666667,8.743278333333333,11.2,0.9,478876.09549534525,4695382.311706854,,32,T
1680124670.3242426,0,76670,0,GPS1_FRAME,42.41032333333333,8.743275,11.1,0.9,478875.7764775702,4695367.5076118205,,32,T
1680124671.3185089,0,76671,0,GPS1_FRAME,42.4102,8.743269999999999,11.1,0.9,478875.32367480884,4695353.814300832,,32,T
1680124672.33999,0,76672,0,GPS1_FRAME,42.410088333333334,8.743265000000001,11.0,0.9,478874.8747854094,4695341.416420931,,32,T
1680124673.3247795,0,76673,0,GPS1_FRAME,42.40999166666667,8.743261666666667,10.8,0.9,478874.56806805194,4695330.683680665,,32,T
1680124674.3166716,0,76674,0,GPS1_FRAME,42.409908333333334,8.743261666666667,10.8,0.9,478874.5401043638,4695321.430603946,,32,T
1680124675.3348742,0,76675,0,GPS1_FRAME,42.40984,8.743263333333333,10.8,0.9,478874.65431442653,4695313.842666688,,32,T
1680124676.31867,0,76676,0,GPS1_FRAME,42.40979,8.743265000000001,10.9,0.9,478874.7746767265,4695308.2904063435,,32,T
1680124677.3252292,0,76677,0,GPS1_FRAME,42.409758333333336,8.743265000000001,11.0,0.9,478874.764050699,4695304.774237297,,32,T
1680124678.325212,0,76678,0,GPS1_FRAME,42.409745,8.743265000000001,11.1,0.9,478874.7595765841,4695303.293745073,,32,T
1680124679.3432963,0,76679,0,GPS1_FRAME,42.40974333333333,8.743263333333333,11.1,0.9,478874.6218768579,4695303.109097991,,32,T
1680124680.317757,0,76680,0,GPS1_FRAME,42.40974333333333,8.743263333333333,11.1,0.9,478874.6218768579,4695303.109097991,,32,T
1680124681.3252907,0,76681,0,GPS1_FRAME,42.40974333333333,8.743263333333333,11.1,0.9,478874.6218768579,4695303.109097991,,32,T
1680124682.3421714,0,76682,0,GPS1_FRAME,42.40974333333333,8.743263333333333,11.2,0.9,478874.6218768579,4695303.109097991,,32,T
1680124683.3258836,0,76683,0,GPS1_FRAME,42.40974333333333,8.743263333333333,11.2,0.9,478874.6218768579,4695303.109097991,,32,T
1680124684.3235135,0,76684,0,GPS1_FRAME,42.40974333333333,8.743263333333333,11.2,0.9,478874.6218768579,4695303.109097991,,32,T
1680124685.3192163,0,76685,0,GPS1_FRAME,42.40974333333333,8.743263333333333,11.2,0.9,478874.6218768579,4695303.109097991,,32,T
1680124686.3241906,0,76686,0,GPS1_FRAME,42.40974333333333,8.743263333333333,11.2,0.9,478874.6218768579,4695303.109097991,,32,T
1680124687.3430696,0,76687,0,GPS1_FRAME,42.40974333333333,8.743263333333333,11.2,0.9,478874.6218768579,4695303.109097991,,32,T
1680124688.3256435,0,76688,0,GPS1_FRAME,42.40974333333333,8.743263333333333,11.2,0.9,478874.6218768579,4695303.109097991,,32,T
1680124689.3246474,0,76689,0,GPS1_FRAME,42.40974333333333,8.743263333333333,11.2,0.9,478874.6218768579,4695303.109097991,,32,T
1680124690.3246386,0,76690,0,GPS1_FRAME,42.40974333333333,8.743263333333333,11.2,0.9,478874.6218768579,4695303.109097991,,32,T
1680124691.3246887,0,76691,0,GPS1_FRAME,42.40974333333333,8.743263333333333,11.2,0.9,478874.6218768579,4695303.109097991,,32,T
1680124692.3191202,0,76692,0,GPS1_FRAME,42.40974333333333,8.743263333333333,11.3,0.9,478874.6218768579,4695303.109097991,,32,T
1680124693.3262749,0,76693,0,GPS1_FRAME,42.40974333333333,8.743263333333333,11.3,0.9,478874.6218768579,4695303.109097991,,32,T
1680124694.3260002,0,76694,0,GPS1_FRAME,42.40974333333333,8.743263333333333,11.3,0.9,478874.6218768579,4695303.109097991,,32,T
1680124695.3266554,0,76695,0,GPS1_FRAME,42.40974333333333,8.743263333333333,11.3,0.9,478874.6218768579,4695303.109097991,,32,T
1680124696.3183427,0,76696,0,GPS1_FRAME,42.40974333333333,8.743263333333333,11.3,0.9,478874.6218768579,4695303.109097991,,32,T
1680124697.318264,0,76697,0,GPS1_FRAME,42.40974333333333,8.743263333333333,11.3,0.9,478874.6218768579,4695303.109097991,,32,T
1680124698.325905,0,76698,0,GPS1_FRAME,42.40974333333333,8.743263333333333,11.3,0.9,478874.6218768579,4695303.109097991,,32,T
1680124699.3389668,0,76699,0,GPS1_FRAME,42.40974333333333,8.743263333333333,11.3,0.9,478874.6218768579,4695303.109097991,,32,T
1680124700.318346,0,76700,0,GPS1_FRAME,42.40974166666667,8.743263333333333,11.9,0.9,478874.62131758995,4695302.924036465,,32,T
1680124701.319324,0,76701,0,GPS1_FRAME,42.40974166666667,8.743263333333333,11.9,0.9,478874.62131758995,4695302.924036465,,32,T
1680124702.3249166,0,76702,0,GPS1_FRAME,42.40974166666667,8.743263333333333,11.9,0.9,478874.62131758995,4695302.924036465,,32,T
1680124703.3209481,0,76703,0,GPS1_FRAME,42.40974166666667,8.743263333333333,11.9,0.9,478874.62131758995,4695302.924036465,,32,T
1680124704.3255575,0,76704,0,GPS1_FRAME,42.40974166666667,8.743263333333333,11.9,0.9,478874.62131758995,4695302.924036465,,32,T
1680124705.3261728,0,76705,0,GPS1_FRAME,42.40974166666667,8.743263333333333,11.9,0.9,478874.62131758995,4695302.924036465,,32,T
1680124706.3249757,0,76706,0,GPS1_FRAME,42.40974166666667,8.743263333333333,11.9,0.9,478874.62131758995,4695302.924036465,,32,T
1680124707.325781,0,76707,0,GPS1_FRAME,42.40974166666667,8.743263333333333,12.0,0.9,478874.62131758995,4695302.924036465,,32,T
1680124708.3251529,0,76708,0,GPS1_FRAME,42.40974166666667,8.743263333333333,12.0,0.9,478874.62131758995,4695302.924036465,,32,T
1680124709.3185575,0,76709,0,GPS1_FRAME,42.40974166666667,8.743263333333333,12.0,0.9,478874.62131758995,4695302.924036465,,32,T
1680124710.3248417,0,76710,0,GPS1_FRAME,42.40974166666667,8.743263333333333,12.0,0.9,478874.62131758995,4695302.924036465,,32,T
1680124711.3286529,0,76711,0,GPS1_FRAME,42.40974166666667,8.743263333333333,12.0,0.9,478874.62131758995,4695302.924036465,,32,T
1680124712.3243847,0,76712,0,GPS1_FRAME,42.40974,8.743265000000001,12.1,0.9,478874.7578987913,4695302.738560489,,32,T
1680124713.3255706,0,76713,0,GPS1_FRAME,42.409733333333335,8.743265000000001,12.2,0.9,478874.7556617345,4695301.998314381,,32,T
1680124714.325408,0,76714,0,GPS1_FRAME,42.409713333333336,8.743261666666667,12.3,0.9,478874.4746695091,4695299.778404951,,32,T
1680124715.3184843,0,76715,0,GPS1_FRAME,42.409683333333334,8.743246666666668,12.4,0.9,478873.2303372899,4695296.451027637,,32,T
1680124716.3252878,0,76716,0,GPS1_FRAME,42.40965,8.743208333333333,12.2,0.9,478870.0649158992,4695292.759330749,,32,T
1680124717.3201294,0,76717,0,GPS1_FRAME,42.40963,8.743151666666666,11.9,0.9,478865.39541912725,4695290.5526882345,,32,T
1680124718.318466,0,76718,0,GPS1_FRAME,42.409625,8.743083333333333,11.8,0.9,478859.7709710491,4695290.014505648,,32,T
1680124719.3222408,0,76719,0,GPS1_FRAME,42.40963166666667,8.743011666666666,11.5,0.9,478853.87615931325,4695290.772587959,,32,T
1680124720.3253477,0,76720,0,GPS1_FRAME,42.409636666666664,8.742935,11.5,0.9,478847.5693667665,4695291.346858637,,32,T
1680124721.317739,0,76721,0,GPS1_FRAME,42.40963833333333,8.742851666666667,11.5,0.9,478840.7128921539,4695291.552672387,,32,T
1680124722.335761,0,76722,0,GPS1_FRAME,42.40963833333333,8.74276,11.5,0.9,478833.17015409295,4695291.5755076045,,32,T
1680124723.319854,0,76723,0,GPS1_FRAME,42.40963833333333,8.742671666666666,11.5,0.9,478825.90169741376,4695291.597520149,,32,T
1680124724.317018,0,76724,0,GPS1_FRAME,42.409635,8.742588333333334,11.6,0.9,478819.0435413318,4695291.24817058,,32,T
1680124725.3342957,0,76725,0,GPS1_FRAME,42.409635,8.742515000000001,11.7,0.9,478813.00935055333,4695291.266456807,,32,T
1680124726.3180654,0,76726,0,GPS1_FRAME,42.40963833333333,8.742458333333333,12.0,0.9,478808.3476888083,4695291.65071369,,32,T
1680124727.3184814,0,76727,0,GPS1_FRAME,42.409655,8.742416666666667,12.2,0.9,478804.92478261,4695293.511723457,,32,T
1680124728.3200762,0,76728,0,GPS1_FRAME,42.409681666666664,8.742395,12.5,0.9,478803.15093262034,4695296.478113688,,32,T
1680124729.3408241,0,76729,0,GPS1_FRAME,42.40971166666667,8.742396666666666,12.8,0.9,478803.2981740158,4695299.808805332,,32,T
1680124730.3219874,0,76730,0,GPS1_FRAME,42.409733333333335,8.742416666666667,13.1,0.9,478804.9511548625,4695302.209615236,,32,T
1680124731.3215754,0,76731,0,GPS1_FRAME,42.40975,8.74245,13.2,0.9,478807.6995749691,4695304.051914779,,32,T
1680124732.3214424,0,76732,0,GPS1_FRAME,42.40975666666667,8.742495,13.1,0.9,478811.40461086103,4695304.780936347,,32,T
1680124733.343544,0,76733,0,GPS1_FRAME,42.40976166666667,8.742545,13.2,0.9,478815.52050639427,4695305.323651514,,32,T
1680124734.3224657,0,76734,0,GPS1_FRAME,42.409765,8.74259,13.1,0.9,478819.2244193002,4695305.682554165,,32,T
1680124735.324968,0,76735,0,GPS1_FRAME,42.409773333333334,8.742621666666667,13.1,0.9,478821.83289053966,4695306.5999671435,,32,T
1680124736.3221083,0,76736,0,GPS1_FRAME,42.40978833333333,8.742638333333334,13.3,0.9,478823.2093401887,4695308.261366214,,32,T
1680124737.3216712,0,76737,0,GPS1_FRAME,42.40980666666667,8.742645,13.3,0.9,478823.7640684191,4695310.295381244,,32,T
1680124738.3326013,0,76738,0,GPS1_FRAME,42.409821666666666,8.742646666666667,13.5,0.9,478823.906254254,4695311.9605195755,,32,T
1680124739.3138053,0,76739,0,GPS1_FRAME,42.40983,8.742646666666667,13.6,0.9,478823.90905731474,4695312.885827232,,32,T
1680124740.312478,0,76740,0,GPS1_FRAME,42.40983,8.742646666666667,13.6,0.9,478823.90905731474,4695312.885827232,,32,T
1680124741.3124547,0,76741,0,GPS1_FRAME,42.40983,8.742646666666667,13.6,0.9,478823.90905731474,4695312.885827232,,32,T
1680124742.3106027,0,76742,0,GPS1_FRAME,42.40983,8.742646666666667,13.6,2.1,478823.90905731474,4695312.885827232,,32,T
1680124743.3248663,0,76743,0,GPS1_FRAME,42.40983,8.742646666666667,13.6,0.9,478823.90905731474,4695312.885827232,,32,T
1680124744.3243473,0,76744,0,GPS1_FRAME,42.40983,8.742646666666667,13.7,0.9,478823.90905731474,4695312.885827232,,32,T
1680124745.3272052,0,76745,0,GPS1_FRAME,42.40983,8.742646666666667,13.7,0.9,478823.90905731474,4695312.885827232,,32,T
1680124746.3253875,0,76746,0,GPS1_FRAME,42.40983166666667,8.742646666666667,13.7,0.9,478823.9096179269,4695313.070888763,,32,T
1680124747.3272512,0,76747,0,GPS1_FRAME,42.40983166666667,8.742646666666667,13.7,0.9,478823.9096179269,4695313.070888763,,32,T
1680124748.3258739,0,76748,0,GPS1_FRAME,42.40983166666667,8.742646666666667,13.7,0.9,478823.9096179269,4695313.070888763,,32,T
1680124749.3264916,0,76749,0,GPS1_FRAME,42.40983166666667,8.742646666666667,13.7,0.9,478823.9096179269,4695313.070888763,,32,T
1680124750.3424723,0,76750,0,GPS1_FRAME,42.40983166666667,8.742646666666667,13.8,0.9,478823.9096179269,4695313.070888763,,32,T
1680124751.3198788,0,76751,0,GPS1_FRAME,42.40983166666667,8.742646666666667,13.8,0.9,478823.9096179269,4695313.070888763,,32,T
1680124752.325715,0,76752,0,GPS1_FRAME,42.40983166666667,8.742646666666667,13.8,0.9,478823.9096179269,4695313.070888763,,32,T
1680124753.3275537,0,76753,0,GPS1_FRAME,42.40983166666667,8.742646666666667,13.8,0.9,478823.9096179269,4695313.070888763,,32,T
1680124754.3259065,0,76754,0,GPS1_FRAME,42.40983166666667,8.742646666666667,13.8,0.9,478823.9096179269,4695313.070888763,,32,T
1680124755.3277493,0,76755,0,GPS1_FRAME,42.40983333333333,8.742646666666667,13.9,0.9,478823.9101785391,4695313.2559502935,,32,T
1680124756.325177,0,76756,0,GPS1_FRAME,42.40983333333333,8.742646666666667,13.9,0.9,478823.9101785391,4695313.2559502935,,32,T
1680124757.3196716,0,76757,0,GPS1_FRAME,42.40983333333333,8.742646666666667,13.9,0.9,478823.9101785391,4695313.2559502935,,32,T
1680124758.3260431,0,76758,0,GPS1_FRAME,42.40983333333333,8.742646666666667,13.9,0.9,478823.9101785391,4695313.2559502935,,32,T
1680124759.32723,0,76759,0,GPS1_FRAME,42.40983333333333,8.742648333333333,13.9,0.9,478824.04731880565,4695313.255534853,,32,T
1680124760.3187819,0,76760,0,GPS1_FRAME,42.40983333333333,8.742648333333333,14.0,0.9,478824.04731880565,4695313.255534853,,32,T
1680124761.3265293,0,76761,0,GPS1_FRAME,42.40983333333333,8.742648333333333,14.0,0.9,478824.04731880565,4695313.255534853,,32,T
1680124762.3261516,0,76762,0,GPS1_FRAME,42.40983333333333,8.742648333333333,14.0,0.9,478824.04731880565,4695313.255534853,,32,T
1680124763.3274057,0,76763,0,GPS1_FRAME,42.409835,8.742648333333333,14.0,0.9,478824.0478794143,4695313.440596386,,32,T
1680124764.319435,0,76764,0,GPS1_FRAME,42.409835,8.742648333333333,14.0,0.9,478824.0478794143,4695313.440596386,,32,T
1680124765.3270178,0,76765,0,GPS1_FRAME,42.409835,8.742648333333333,14.0,0.9,478824.0478794143,4695313.440596386,,32,T
1680124766.3272123,0,76766,0,GPS1_FRAME,42.409835,8.742648333333333,14.1,0.9,478824.0478794143,4695313.440596386,,32,T
1680124767.3266995,0,76767,0,GPS1_FRAME,42.409835,8.742648333333333,14.1,0.9,478824.0478794143,4695313.440596386,,32,T
1680124768.3257875,0,76768,0,GPS1_FRAME,42.409835,8.742648333333333,14.1,0.9,478824.0478794143,4695313.440596386,,32,T
1680124769.3190184,0,76769,0,GPS1_FRAME,42.409835,8.742648333333333,14.1,1.3,478824.0478794143,4695313.440596386,,32,T
1680124770.3199568,0,76770,0,GPS1_FRAME,42.40983666666666,8.742648333333333,14.1,0.9,478824.04844002286,4695313.625657917,,32,T
1680124771.3233643,0,76771,0,GPS1_FRAME,42.40983666666666,8.742648333333333,14.1,0.9,478824.04844002286,4695313.625657917,,32,T
