Time,header.seq,header.stamp.secs,header.stamp.nsecs,header.frame_id,latitude,longitude,altitude,utm_easting,utm_northing,zone,letter
1675714446.1179326,1,1675714446,117354869,,42.33893,-71.08822833333333,39.4,327975.05534741195,4689520.210725065,19,T
1675714447.1481938,2,1675714447,147716045,,42.33893,-71.08822833333333,39.4,327975.05534741195,4689520.210725065,19,T
1675714448.1181054,3,1675714448,117532253,,42.33893,-71.08822833333333,39.4,327975.05534741195,4689520.210725065,19,T
1675714449.1173477,4,1675714449,116900205,,42.33893,-71.08822833333333,39.4,327975.05534741195,4689520.210725065,19,T
1675714450.1170645,5,1675714450,116659402,,42.33893,-71.08822833333333,39.4,327975.05534741195,4689520.210725065,19,T
1675714451.1192718,6,1675714451,118774175,,42.33893,-71.08822833333333,39.4,327975.05534741195,4689520.210725065,19,T
1675714452.119687,7,1675714452,119086027,,42.33893,-71.08822833333333,39.4,327975.05534741195,4689520.210725065,19,T
1675714453.1500945,8,1675714453,149600267,,42.33893,-71.08822833333333,39.4,327975.05534741195,4689520.210725065,19,T
1675714454.1172602,9,1675714454,116806507,,42.33893,-71.08822833333333,39.4,327975.05534741195,4689520.210725065,19,T
1675714455.119117,10,1675714455,118647813,,42.33893,-71.08822833333333,39.4,327975.05534741195,4689520.210725065,19,T
1675714456.117407,11,1675714456,116988420,,42.33893,-71.08822833333333,39.4,327975.05534741195,4689520.210725065,19,T
1675714457.1164556,12,1675714457,115878582,,42.33893,-71.08822833333333,39.4,327975.05534741195,4689520.210725065,19,T
1675714458.1157823,13,1675714458,115313053,,42.33893,-71.08822833333333,39.4,327975.05534741195,4689520.210725065,19,T
1675714459.118233,14,1675714459,117755413,,42.33893,-71.08822833333333,39.4,327975.05534741195,4689520.210725065,19,T
1675714460.116781,15,1675714460,116346120,,42.33893,-71.08822833333333,39.4,327975.05534741195,4689520.210725065,19,T
1675714461.1177347,16,1675714461,117321252,,42.33893,-71.08822833333333,39.4,327975.05534741195,4689520.210725065,19,T
1675714462.1165118,17,1675714462,116043567,,42.33893,-71.08822833333333,39.4,327975.05534741195,4689520.210725065,19,T
1675714463.1183949,18,1675714463,117951631,,42.33893,-71.08822833333333,39.4,327975.05534741195,4689520.210725065,19,T
1675714464.1152363,19,1675714464,114805698,,42.33893,-71.08822833333333,39.4,327975.05534741195,4689520.210725065,19,T
1675714465.1167445,20,1675714465,116306781,,42.33893333333334,-71.08823000000001,39.2,327974.9271343138,4689520.584238323,19,T
1675714466.1173522,21,1675714466,116898298,,42.33893333333334,-71.08823000000001,39.2,327974.9271343138,4689520.584238323,19,T
1675714467.1177642,22,1675714467,117356538,,42.33893333333334,-71.08823000000001,39.2,327974.9271343138,4689520.584238323,19,T
1675714468.115314,23,1675714468,114883184,,42.338935000000006,-71.08823000000001,38.9,327974.93167931563,4689520.769308996,19,T
1675714469.1169584,24,1675714469,116438388,,42.338935000000006,-71.08823000000001,38.9,327974.93167931563,4689520.769308996,19,T
1675714470.1164691,25,1675714470,116046428,,42.33894,-71.08823166666666,38.6,327974.8080112445,4689521.32789293,19,T
1675714471.117182,26,1675714471,116728305,,42.33894166666667,-71.08823333333333,38.2,327974.6752531745,4689521.516335523,19,T
1675714472.115757,27,1675714472,115278244,,42.338943333333326,-71.088235,37.9,327974.542495116,4689521.704778118,19,T
1675714473.1166096,28,1675714473,116096735,,42.33894166666667,-71.088235,37.2,327974.5379501026,4689521.519707445,19,T
1675714474.1183403,29,1675714474,117753028,,42.33894,-71.08823333333333,36.4,327974.6707081648,4689521.331264851,19,T
1675714475.1181471,30,1675714475,117731094,,42.33893666666666,-71.08823333333333,35.7,327974.66161814576,4689520.961123507,19,T
1675714476.117761,31,1675714476,117283344,,42.33892833333333,-71.088235,35.2,327974.50158999977,4689520.0391420685,19,T
1675714477.1165593,32,1675714477,116083145,,42.33892000000001,-71.088235,34.8,327974.47886494023,4689519.11378871,19,T
1675714478.117908,33,1675714478,117364883,,42.33892000000001,-71.088235,34.9,327974.47886494023,4689519.11378871,19,T
1675714479.116739,34,1675714479,116205453,,42.33892000000001,-71.088235,34.9,327974.47886494023,4689519.11378871,19,T
1675714480.1179862,35,1675714480,117526769,,42.33892000000001,-71.088235,34.9,327974.47886494023,4689519.11378871,19,T
1675714481.1135082,36,1675714481,113081932,,42.33892000000001,-71.088235,34.9,327974.47886494023,4689519.11378871,19,T
1675714482.1146944,37,1675714482,114281892,,42.33892000000001,-71.088235,34.9,327974.47886494023,4689519.11378871,19,T
1675714483.1490524,38,1675714483,148438215,,42.33892000000001,-71.088235,34.9,327974.47886494023,4689519.11378871,19,T
1675714484.1171541,39,1675714484,116695880,,42.33892000000001,-71.088235,34.9,327974.47886494023,4689519.11378871,19,T
1675714485.116104,40,1675714485,115812301,,42.33891333333333,-71.08823166666666,34.7,327974.73529116675,4689518.366762179,19,T
1675714486.1158228,41,1675714486,115485906,,42.33890833333333,-71.08822833333333,34.6,327974.9962624517,4689517.804806333,19,T
1675714487.1167645,42,1675714487,116319894,,42.33890833333333,-71.08822833333333,34.6,327974.9962624517,4689517.804806333,19,T
1675714488.1177056,43,1675714488,117277145,,42.33890833333333,-71.08822833333333,34.6,327974.9962624517,4689517.804806333,19,T
1675714489.1168866,44,1675714489,116410732,,42.33890833333333,-71.08822833333333,34.6,327974.9962624517,4689517.804806333,19,T
1675714490.11599,45,1675714490,115512132,,42.33890833333333,-71.08822666666667,34.6,327975.13356559834,4689517.80143442,19,T
1675714491.1165037,46,1675714491,116115570,,42.33890833333333,-71.08822666666667,34.6,327975.13356559834,4689517.80143442,19,T
1675714492.1157496,47,1675714492,115434408,,42.33890833333333,-71.08822666666667,34.6,327975.13356559834,4689517.80143442,19,T
1675714493.118347,48,1675714493,117959022,,42.33890833333333,-71.08822666666667,34.5,327975.13356559834,4689517.80143442,19,T
1675714494.1161501,49,1675714494,115732669,,42.33890833333333,-71.08822666666667,34.5,327975.13356559834,4689517.80143442,19,T
1675714495.117617,50,1675714495,117169141,,42.33890833333333,-71.08822666666667,34.5,327975.13356559834,4689517.80143442,19,T
1675714496.118198,51,1675714496,117826223,,42.33890833333333,-71.08822666666667,34.5,327975.13356559834,4689517.80143442,19,T
1675714497.1164622,52,1675714497,115974903,,42.33890833333333,-71.08822666666667,34.5,327975.13356559834,4689517.80143442,19,T
1675714498.1163309,53,1675714498,115889072,,42.33890833333333,-71.08822666666667,34.5,327975.13356559834,4689517.80143442,19,T
1675714499.1171439,54,1675714499,116691350,,42.33890833333333,-71.08822666666667,34.5,327975.13356559834,4689517.80143442,19,T
1675714500.1161757,55,1675714500,115769863,,42.33890833333333,-71.08822666666667,34.5,327975.13356559834,4689517.80143442,19,T
1675714501.1189272,56,1675714501,118466377,,42.33890833333333,-71.08822666666667,34.5,327975.13356559834,4689517.80143442,19,T
1675714502.1161966,57,1675714502,115719079,,42.33890833333333,-71.08822666666667,34.5,327975.13356559834,4689517.80143442,19,T
1675714503.1188405,58,1675714503,118401050,,42.33890833333333,-71.08822666666667,34.5,327975.13356559834,4689517.80143442,19,T
1675714504.117972,59,1675714504,117552995,,42.33890833333333,-71.08822666666667,34.5,327975.13356559834,4689517.80143442,19,T
1675714505.1183138,60,1675714505,117859363,,42.33890833333333,-71.08822666666667,34.5,327975.13356559834,4689517.80143442,19,T
1675714506.117579,61,1675714506,117166757,,42.338903333333334,-71.08822333333333,34.4,327975.3945369411,4689517.23947859,19,T
1675714507.1173775,62,1675714507,116909980,,42.338899999999995,-71.08822,34.2,327975.6600533015,4689516.862593444,19,T
1675714508.1187575,63,1675714508,118300676,,42.338898333333326,-71.08822166666667,34.2,327975.518205154,4689516.680894674,19,T
1675714509.1176853,64,1675714509,117306947,,42.338898333333326,-71.08822166666667,34.2,327975.518205154,4689516.680894674,19,T
1675714510.117645,65,1675714510,117258071,,42.338898333333326,-71.08822,34.2,327975.65550832445,4689516.677522773,19,T
1675714511.118997,66,1675714511,118516206,,42.338898333333326,-71.08822,34.2,327975.65550832445,4689516.677522773,19,T
1675714512.1161604,67,1675714512,115749835,,42.338898333333326,-71.08822,34.2,327975.65550832445,4689516.677522773,19,T
1675714513.150304,68,1675714513,149873971,,42.338898333333326,-71.08822,34.2,327975.65550832445,4689516.677522773,19,T
1675714514.116854,69,1675714514,116327285,,42.338898333333326,-71.08822,34.2,327975.65550832445,4689516.677522773,19,T
1675714515.1181476,70,1675714515,117711544,,42.338898333333326,-71.08822,34.2,327975.65550832445,4689516.677522773,19,T
1675714516.1174963,71,1675714516,117080211,,42.338898333333326,-71.08822,34.2,327975.65550832445,4689516.677522773,19,T
1675714517.1197228,72,1675714517,119300842,,42.338895,-71.08821833333333,34.2,327975.7837215486,4689516.3040095335,19,T
1675714518.119858,73,1675714518,119332551,,42.338895,-71.08821833333333,34.2,327975.7837215486,4689516.3040095335,19,T
1675714519.1187043,74,1675714519,118293046,,42.338895,-71.08821833333333,34.2,327975.7837215486,4689516.3040095335,19,T
1675714520.1179807,75,1675714520,117614507,,42.338895,-71.08821833333333,34.2,327975.7837215486,4689516.3040095335,19,T
1675714521.117586,76,1675714521,117155313,,42.338895,-71.08821833333333,34.2,327975.7837215486,4689516.3040095335,19,T
1675714522.117923,77,1675714522,117522239,,42.338895,-71.08821833333333,34.2,327975.7837215486,4689516.3040095335,19,T
1675714523.1179907,78,1675714523,117588758,,42.338895,-71.08821833333333,34.2,327975.7837215486,4689516.3040095335,19,T
1675714524.1181443,79,1675714524,117696046,,42.338895,-71.08821833333333,34.2,327975.7837215486,4689516.3040095335,19,T
1675714525.1184936,80,1675714525,118081092,,42.338895,-71.08821833333333,34.2,327975.7837215486,4689516.3040095335,19,T
1675714526.116624,81,1675714526,116137266,,42.33889166666666,-71.08821666666667,34.2,327975.9119347856,4689515.930496296,19,T
1675714527.1178215,82,1675714527,117447853,,42.33889166666666,-71.08821666666667,34.2,327975.9119347856,4689515.930496296,19,T
1675714528.1173766,83,1675714528,116982936,,42.33889166666666,-71.08821666666667,34.2,327975.9119347856,4689515.930496296,19,T
1675714529.1195614,84,1675714529,119048357,,42.33889166666666,-71.08821666666667,34.2,327975.9119347856,4689515.930496296,19,T
1675714530.1154368,85,1675714530,115005493,,42.338890000000006,-71.08821666666667,34.3,327975.9073898166,4689515.745425626,19,T
1675714531.1206386,86,1675714531,120159387,,42.338890000000006,-71.08821666666667,34.3,327975.9073898166,4689515.745425626,19,T
1675714532.117189,87,1675714532,116757392,,42.338890000000006,-71.08821666666667,34.3,327975.9073898166,4689515.745425626,19,T
1675714533.119086,88,1675714533,118725299,,42.338890000000006,-71.08821666666667,34.3,327975.9073898166,4689515.745425626,19,T
1675714534.1193674,89,1675714534,118881464,,42.338890000000006,-71.08821666666667,34.3,327975.9073898166,4689515.745425626,19,T
1675714535.116454,90,1675714535,115965366,,42.33888833333334,-71.088215,34.4,327976.04014803784,4689515.556983061,19,T
1675714536.1181686,91,1675714536,117784500,,42.33888666666667,-71.088215,34.4,327976.03560307267,4689515.371912391,19,T
1675714537.1177027,92,1675714537,117327928,,42.33888666666667,-71.088215,34.4,327976.03560307267,4689515.371912391,19,T
1675714538.1169703,93,1675714538,116639137,,42.33888666666667,-71.088215,34.4,327976.03560307267,4689515.371912391,19,T
1675714539.117349,94,1675714539,116987943,,42.33888666666667,-71.088215,34.4,327976.03560307267,4689515.371912391,19,T
1675714540.1171198,95,1675714540,116746902,,42.33888666666667,-71.088215,34.4,327976.03560307267,4689515.371912391,19,T
1675714541.1177688,96,1675714541,117395162,,42.33888666666667,-71.088215,34.4,327976.03560307267,4689515.371912391,19,T
1675714542.1183257,97,1675714542,117911338,,42.33888666666667,-71.088215,34.4,327976.03560307267,4689515.371912391,19,T
1675714543.1509073,98,1675714543,150455236,,42.33888666666667,-71.088215,34.4,327976.03560307267,4689515.371912391,19,T
1675714544.1169815,99,1675714544,116547107,,42.33888666666667,-71.088215,34.4,327976.03560307267,4689515.371912391,19,T
1675714545.1172237,100,1675714545,116731643,,42.33888666666667,-71.088215,34.4,327976.03560307267,4689515.371912391,19,T
1675714546.118318,101,1675714546,117802381,,42.33888666666667,-71.088215,34.4,327976.03560307267,4689515.371912391,19,T
1675714547.1167977,102,1675714547,116328954,,42.33888666666667,-71.088215,34.4,327976.03560307267,4689515.371912391,19,T
1675714548.1175172,103,1675714548,117162704,,42.33888666666667,-71.088215,34.4,327976.03560307267,4689515.371912391,19,T
1675714549.1168966,104,1675714549,116456508,,42.33888666666667,-71.088215,34.4,327976.03560307267,4689515.371912391,19,T
1675714550.1172845,105,1675714550,116896629,,42.33888666666667,-71.088215,34.4,327976.03560307267,4689515.371912391,19,T
1675714551.1170013,106,1675714551,116555690,,42.33888666666667,-71.088215,34.4,327976.03560307267,4689515.371912391,19,T
1675714552.1167538,107,1675714552,116259813,,42.33888666666667,-71.088215,34.4,327976.03560307267,4689515.371912391,19,T
1675714553.1174035,108,1675714553,116886615,,42.33888666666667,-71.088215,34.4,327976.03560307267,4689515.371912391,19,T
1675714554.1160502,109,1675714554,115665435,,42.33888666666667,-71.088215,34.4,327976.03560307267,4689515.371912391,19,T
1675714555.1184726,110,1675714555,118022680,,42.33888666666667,-71.088215,34.4,327976.03560307267,4689515.371912391,19,T
1675714556.1160507,111,1675714556,115671873,,42.33888333333333,-71.08821166666667,34.8,327976.3011195469,4689514.995027271,19,T
1675714557.1176755,112,1675714557,117255926,,42.33888333333333,-71.08821166666667,34.8,327976.3011195469,4689514.995027271,19,T
1675714558.1153297,113,1675714558,114953517,,42.33888333333333,-71.08821166666667,34.8,327976.3011195469,4689514.995027271,19,T
1675714559.1176777,114,1675714559,117226600,,42.33888333333333,-71.08821166666667,34.8,327976.3011195469,4689514.995027271,19,T
1675714560.1157675,115,1675714560,115330934,,42.33888333333333,-71.08821166666667,34.8,327976.3011195469,4689514.995027271,19,T
1675714561.1167147,116,1675714561,116187095,,42.33888333333333,-71.08821166666667,34.8,327976.3011195469,4689514.995027271,19,T
1675714562.1183174,117,1675714562,117844581,,42.33888333333333,-71.08821166666667,34.8,327976.3011195469,4689514.995027271,19,T
1675714563.1164424,118,1675714563,115965604,,42.33888333333333,-71.08821166666667,34.8,327976.3011195469,4689514.995027271,19,T
1675714564.1168377,119,1675714564,116339445,,42.33888333333333,-71.08821166666667,34.8,327976.3011195469,4689514.995027271,19,T
1675714565.1173298,120,1675714565,116875410,,42.33888333333333,-71.08821166666667,34.8,327976.3011195469,4689514.995027271,19,T
1675714566.115969,121,1675714566,115519285,,42.33888333333333,-71.08821166666667,34.8,327976.3011195469,4689514.995027271,19,T
1675714567.1162918,122,1675714567,115935325,,42.33888333333333,-71.08821166666667,34.8,327976.3011195469,4689514.995027271,19,T
1675714568.1175463,123,1675714568,117102861,,42.33888333333333,-71.08821166666667,34.8,327976.3011195469,4689514.995027271,19,T
1675714569.1154552,124,1675714569,114930391,,42.33888333333333,-71.08821166666667,34.8,327976.3011195469,4689514.995027271,19,T
1675714570.1151695,125,1675714570,114659309,,42.33888333333333,-71.08821166666667,34.8,327976.3011195469,4689514.995027271,19,T
1675714571.1177852,126,1675714571,117388725,,42.33888333333333,-71.08821166666667,34.8,327976.3011195469,4689514.995027271,19,T
1675714572.1176805,127,1675714572,117208242,,42.33888333333333,-71.08821166666667,34.8,327976.3011195469,4689514.995027271,19,T
1675714573.1485884,128,1675714573,148103475,,42.33888333333333,-71.08821166666667,34.8,327976.3011195469,4689514.995027271,19,T
1675714574.1152906,129,1675714574,114735126,,42.33888333333333,-71.08821166666667,34.8,327976.3011195469,4689514.995027271,19,T
1675714575.1164782,130,1675714575,115933895,,42.33888333333333,-71.08821166666667,34.8,327976.3011195469,4689514.995027271,19,T
1675714576.1150203,131,1675714576,114572048,,42.33888333333333,-71.08821166666667,34.8,327976.3011195469,4689514.995027271,19,T
1675714577.1162045,132,1675714577,115734815,,42.33888333333333,-71.08821166666667,34.8,327976.3011195469,4689514.995027271,19,T
1675714578.1158772,133,1675714578,115433692,,42.33888333333333,-71.08821166666667,34.8,327976.3011195469,4689514.995027271,19,T
1675714579.1173453,134,1675714579,116947650,,42.33888333333333,-71.08821166666667,34.8,327976.3011195469,4689514.995027271,19,T
1675714580.1175895,135,1675714580,117124557,,42.33888333333333,-71.08821166666667,34.8,327976.3011195469,4689514.995027271,19,T
1675714581.11734,136,1675714581,116819620,,42.33888333333333,-71.08821166666667,34.8,327976.3011195469,4689514.995027271,19,T
1675714582.116987,137,1675714582,116581439,,42.33888333333333,-71.08821166666667,34.8,327976.3011195469,4689514.995027271,19,T
1675714583.117764,138,1675714583,117231130,,42.33888333333333,-71.08821166666667,34.8,327976.3011195469,4689514.995027271,19,T
1675714584.115239,139,1675714584,114769458,,42.33888333333333,-71.08821166666667,34.8,327976.3011195469,4689514.995027271,19,T
1675714585.1160398,140,1675714585,115563869,,42.33888333333333,-71.08821166666667,34.8,327976.3011195469,4689514.995027271,19,T
1675714586.1159074,141,1675714586,115482568,,42.33888333333333,-71.08821166666667,34.8,327976.3011195469,4689514.995027271,19,T
1675714587.1154263,142,1675714587,115039348,,42.33888333333333,-71.08821166666667,34.8,327976.3011195469,4689514.995027271,19,T
1675714588.1166897,143,1675714588,116216897,,42.33888333333333,-71.08821166666667,34.8,327976.3011195469,4689514.995027271,19,T
1675714589.115074,144,1675714589,114514350,,42.33888333333333,-71.08821166666667,34.8,327976.3011195469,4689514.995027271,19,T
1675714590.1162603,145,1675714590,115823268,,42.33888333333333,-71.08821166666667,34.8,327976.3011195469,4689514.995027271,19,T
1675714591.1160924,146,1675714591,115642547,,42.33888333333333,-71.08821166666667,34.8,327976.3011195469,4689514.995027271,19,T
1675714592.1151788,147,1675714592,114774227,,42.33888333333333,-71.08821166666667,34.8,327976.3011195469,4689514.995027271,19,T
1675714593.115558,148,1675714593,115123033,,42.33888333333333,-71.08821166666667,34.8,327976.3011195469,4689514.995027271,19,T
1675714594.117048,149,1675714594,116547822,,42.33888166666667,-71.08821166666667,34.8,327976.29657458956,4689514.809956603,19,T
1675714595.1148593,150,1675714595,114464282,,42.33888166666667,-71.08821166666667,34.8,327976.29657458956,4689514.809956603,19,T
1675714596.116825,151,1675714596,116376638,,42.33888166666667,-71.08821166666667,34.8,327976.29657458956,4689514.809956603,19,T
1675714597.117755,152,1675714597,117387294,,42.33888166666667,-71.08821166666667,34.8,327976.29657458956,4689514.809956603,19,T
1675714598.1150448,153,1675714598,114562511,,42.33888166666667,-71.08821166666667,34.8,327976.29657458956,4689514.809956603,19,T
1675714599.115763,154,1675714599,115284442,,42.33888166666667,-71.08821166666667,34.8,327976.29657458956,4689514.809956603,19,T
1675714600.1157925,155,1675714600,115350008,,42.33888166666667,-71.08821166666667,34.8,327976.29657458956,4689514.809956603,19,T
1675714601.1168354,156,1675714601,116306066,,42.33888166666667,-71.08821166666667,34.8,327976.29657458956,4689514.809956603,19,T
1675714602.1151829,157,1675714602,114771604,,42.33888166666667,-71.08821166666667,34.8,327976.29657458956,4689514.809956603,19,T
1675714603.14786,158,1675714603,147355794,,42.33888166666667,-71.08821166666667,34.8,327976.29657458956,4689514.809956603,19,T
1675714604.1178658,159,1675714604,117419004,,42.33888166666667,-71.08821166666667,34.8,327976.29657458956,4689514.809956603,19,T
1675714605.1164284,160,1675714605,115885734,,42.33888166666667,-71.08821166666667,34.8,327976.29657458956,4689514.809956603,19,T
1675714606.1177542,161,1675714606,117225408,,42.33888166666667,-71.08821166666667,34.8,327976.29657458956,4689514.809956603,19,T
1675714607.1177912,162,1675714607,117229223,,42.33888,-71.08821166666667,34.8,327976.29202963226,4689514.624885931,19,T
1675714608.1182308,163,1675714608,117827177,,42.33888,-71.08821166666667,34.8,327976.29202963226,4689514.624885931,19,T
1675714609.11737,164,1675714609,116961479,,42.33888,-71.08821166666667,34.8,327976.29202963226,4689514.624885931,19,T
1675714610.1172266,165,1675714610,116886615,,42.33888,-71.08821166666667,34.8,327976.29202963226,4689514.624885931,19,T
1675714611.1157687,166,1675714611,115318059,,42.33888,-71.08821166666667,34.8,327976.29202963226,4689514.624885931,19,T
1675714612.1167157,167,1675714612,116340398,,42.33888,-71.08821166666667,34.8,327976.29202963226,4689514.624885931,19,T
1675714613.1166935,168,1675714613,116201162,,42.33888,-71.08821166666667,34.8,327976.29202963226,4689514.624885931,19,T
1675714614.1143138,169,1675714614,113840579,,42.33888,-71.08821166666667,34.8,327976.29202963226,4689514.624885931,19,T
1675714615.1162307,170,1675714615,115817308,,42.338876666666664,-71.08821166666667,34.8,327976.28293971816,4689514.254744591,19,T
1675714616.1152434,171,1675714616,114773035,,42.338876666666664,-71.08821166666667,34.8,327976.28293971816,4689514.254744591,19,T
1675714617.1181595,172,1675714617,117688655,,42.338876666666664,-71.08821166666667,34.8,327976.28293971816,4689514.254744591,19,T
1675714618.1170766,173,1675714618,116628408,,42.338876666666664,-71.08821166666667,34.8,327976.28293971816,4689514.254744591,19,T
1675714619.1174386,174,1675714619,117007970,,42.338876666666664,-71.08821166666667,34.8,327976.28293971816,4689514.254744591,19,T
1675714620.1171472,175,1675714620,116698265,,42.338876666666664,-71.08821166666667,34.8,327976.28293971816,4689514.254744591,19,T
1675714621.117106,176,1675714621,116709232,,42.33887500000001,-71.08821333333334,34.9,327976.1410915422,4689514.073045809,19,T
1675714622.1154592,177,1675714622,115027666,,42.33887500000001,-71.08821333333334,34.9,327976.1410915422,4689514.073045809,19,T
1675714623.1157749,178,1675714623,115318059,,42.33887500000001,-71.08821333333334,34.9,327976.1410915422,4689514.073045809,19,T
1675714624.1188529,179,1675714624,118401050,,42.33887500000001,-71.08821333333334,34.9,327976.1410915422,4689514.073045809,19,T
1675714625.1176803,180,1675714625,117273569,,42.33887500000001,-71.08821333333334,34.9,327976.1410915422,4689514.073045809,19,T
1675714626.1178975,181,1675714626,117359399,,42.33887500000001,-71.08821333333334,34.9,327976.1410915422,4689514.073045809,19,T
1675714627.1173334,182,1675714627,116883754,,42.33887500000001,-71.08821333333334,34.9,327976.1410915422,4689514.073045809,19,T
1675714628.117087,183,1675714628,116708517,,42.33887500000001,-71.08821333333334,34.9,327976.1410915422,4689514.073045809,19,T
1675714629.119114,184,1675714629,118669509,,42.33887500000001,-71.08821333333334,34.9,327976.1410915422,4689514.073045809,19,T
1675714630.1164148,185,1675714630,115975379,,42.33887500000001,-71.08821333333334,34.9,327976.1410915422,4689514.073045809,19,T
1675714631.1189606,186,1675714631,118383884,,42.33887500000001,-71.08821333333334,34.9,327976.1410915422,4689514.073045809,19,T
1675714632.1180866,187,1675714632,117648124,,42.33887166666667,-71.08821333333334,35.0,327976.13200162177,4689513.7029044675,19,T
1675714633.1514978,188,1675714633,150898456,,42.33887166666667,-71.08821333333334,35.0,327976.13200162177,4689513.7029044675,19,T
1675714634.1169884,189,1675714634,116375446,,42.33887166666667,-71.08821333333334,35.0,327976.13200162177,4689513.7029044675,19,T
1675714635.1174874,190,1675714635,117015361,,42.33887166666667,-71.08821333333334,35.0,327976.13200162177,4689513.7029044675,19,T
1675714636.1170359,191,1675714636,116556406,,42.33887166666667,-71.08821333333334,35.0,327976.13200162177,4689513.7029044675,19,T
1675714637.118764,192,1675714637,118373870,,42.33887,-71.088215,35.0,327975.9901534296,4689513.521205687,19,T
1675714638.1191735,193,1675714638,118629455,,42.33887,-71.088215,35.0,327975.9901534296,4689513.521205687,19,T
1675714639.1177697,194,1675714639,117341518,,42.33887,-71.088215,35.0,327975.9901534296,4689513.521205687,19,T
1675714640.1186626,195,1675714640,118215560,,42.33887,-71.088215,35.0,327975.9901534296,4689513.521205687,19,T
1675714641.1164455,196,1675714641,115955829,,42.33887,-71.088215,35.0,327975.9901534296,4689513.521205687,19,T
1675714642.11583,197,1675714642,115376949,,42.33887,-71.088215,35.0,327975.9901534296,4689513.521205687,19,T
1675714643.117125,198,1675714643,116712093,,42.33887,-71.088215,35.0,327975.9901534296,4689513.521205687,19,T
1675714644.1160963,199,1675714644,115587234,,42.33886833333333,-71.08821666666667,35.0,327975.8483052324,4689513.339506908,19,T
1675714645.1185882,200,1675714645,118086099,,42.33886833333333,-71.08821666666667,35.0,327975.8483052324,4689513.339506908,19,T
1675714646.1155634,201,1675714646,115061044,,42.33886833333333,-71.08821666666667,35.0,327975.8483052324,4689513.339506908,19,T
1675714647.1177347,202,1675714647,117331743,,42.33886833333333,-71.08821666666667,35.0,327975.8483052324,4689513.339506908,19,T
1675714648.1177278,203,1675714648,117300271,,42.33886833333333,-71.08821666666667,35.0,327975.8483052324,4689513.339506908,19,T
1675714649.1162024,204,1675714649,115694522,,42.33886833333333,-71.08821666666667,35.0,327975.8483052324,4689513.339506908,19,T
1675714650.1152596,205,1675714650,114802598,,42.338866666666675,-71.08821666666667,35.0,327975.84376026544,4689513.154436242,19,T
1675714651.1180704,206,1675714651,117596864,,42.338866666666675,-71.08821666666667,35.0,327975.84376026544,4689513.154436242,19,T
1675714652.115236,207,1675714652,114718675,,42.338865000000006,-71.08821833333333,35.0,327975.7019120577,4689512.972737466,19,T
1675714653.1188085,208,1675714653,118336677,,42.338865000000006,-71.08821833333333,35.0,327975.7019120577,4689512.972737466,19,T
1675714654.115399,209,1675714654,114867925,,42.338865000000006,-71.08821833333333,35.0,327975.7019120577,4689512.972737466,19,T
1675714655.1155875,210,1675714655,115138053,,42.338865000000006,-71.08822,35.0,327975.56460881466,4689512.976109363,19,T
1675714656.1159933,211,1675714656,115547180,,42.33886333333333,-71.08822,35.0,327975.5600638407,4689512.791038692,19,T
1675714657.1168115,212,1675714657,116304636,,42.33886333333333,-71.08822,35.0,327975.5600638407,4689512.791038692,19,T
1675714658.1155043,213,1675714658,115047931,,42.33886333333333,-71.08822,35.0,327975.5600638407,4689512.791038692,19,T
1675714659.1153386,214,1675714659,114966630,,42.33886333333333,-71.08822,35.0,327975.5600638407,4689512.791038692,19,T
1675714660.115362,215,1675714660,114895820,,42.33886333333333,-71.08822,35.0,327975.5600638407,4689512.791038692,19,T
1675714661.1157067,216,1675714661,115254878,,42.33886333333333,-71.08822,35.0,327975.5600638407,4689512.791038692,19,T
1675714662.1146438,217,1675714662,114145040,,42.33886333333333,-71.08822,35.0,327975.5600638407,4689512.791038692,19,T
1675714663.1491873,218,1675714663,148666143,,42.33886333333333,-71.08822,35.0,327975.5600638407,4689512.791038692,19,T
1675714664.1151285,219,1675714664,114707946,,42.33886333333333,-71.08822,35.0,327975.5600638407,4689512.791038692,19,T
1675714665.1184723,220,1675714665,117949724,,42.33886333333333,-71.08822,35.0,327975.5600638407,4689512.791038692,19,T
1675714666.1152368,221,1675714666,114755630,,42.33886333333333,-71.08822,35.0,327975.5600638407,4689512.791038692,19,T
1675714667.1169577,222,1675714667,116530179,,42.33886333333333,-71.08822,35.0,327975.5600638407,4689512.791038692,19,T
1675714668.1149035,223,1675714668,114411115,,42.33886333333333,-71.08822,35.0,327975.5600638407,4689512.791038692,19,T
1675714669.1179998,224,1675714669,117513418,,42.33886333333333,-71.08822,35.0,327975.5600638407,4689512.791038692,19,T
1675714670.1156316,225,1675714670,115167379,,42.33886333333333,-71.08822,35.0,327975.5600638407,4689512.791038692,19,T
1675714671.1177263,226,1675714671,117245197,,42.33886333333333,-71.08822,35.0,327975.5600638407,4689512.791038692,19,T
1675714672.1182184,227,1675714672,117631196,,42.33886333333333,-71.08822,35.0,327975.5600638407,4689512.791038692,19,T
1675714673.1165519,228,1675714673,115883588,,42.33886333333333,-71.08822166666667,35.0,327975.42276059394,4689512.794410593,19,T
1675714674.1178951,229,1675714674,117444038,,42.33886333333333,-71.08822166666667,35.0,327975.42276059394,4689512.794410593,19,T
1675714675.1170518,230,1675714675,116553306,,42.33886333333333,-71.08822166666667,35.0,327975.42276059394,4689512.794410593,19,T
1675714676.116132,231,1675714676,115571737,,42.33886333333333,-71.08822166666667,35.0,327975.42276059394,4689512.794410593,19,T
1675714677.1179059,232,1675714677,117465019,,42.33886333333333,-71.08822166666667,35.0,327975.42276059394,4689512.794410593,19,T
1675714678.1166859,233,1675714678,116104841,,42.33886333333333,-71.08822166666667,35.0,327975.42276059394,4689512.794410593,19,T
1675714679.1174264,234,1675714679,117047786,,42.33886333333333,-71.08822166666667,35.0,327975.42276059394,4689512.794410593,19,T
1675714680.1169667,235,1675714680,116509914,,42.33886333333333,-71.08822166666667,35.0,327975.42276059394,4689512.794410593,19,T
1675714681.1167052,236,1675714681,116224050,,42.33886333333333,-71.08822166666667,35.0,327975.42276059394,4689512.794410593,19,T
1675714682.1155171,237,1675714682,115072488,,42.33886333333333,-71.08822166666667,35.0,327975.42276059394,4689512.794410593,19,T
1675714683.117052,238,1675714683,116592407,,42.33886333333333,-71.08822166666667,35.0,327975.42276059394,4689512.794410593,19,T
1675714684.1143968,239,1675714684,113993644,,42.33886333333333,-71.08822166666667,35.0,327975.42276059394,4689512.794410593,19,T
1675714685.1161404,240,1675714685,115613937,,42.33886333333333,-71.08822166666667,35.0,327975.42276059394,4689512.794410593,19,T
1675714686.1134577,241,1675714686,112990617,,42.33886333333333,-71.08822166666667,35.0,327975.42276059394,4689512.794410593,19,T
1675714687.1160066,242,1675714687,115571498,,42.33886333333333,-71.08822166666667,35.0,327975.42276059394,4689512.794410593,19,T
1675714688.1155055,243,1675714688,115148305,,42.33886333333333,-71.08822166666667,35.0,327975.42276059394,4689512.794410593,19,T
1675714689.1140108,244,1675714689,113597154,,42.33886333333333,-71.08822166666667,35.0,327975.42276059394,4689512.794410593,19,T
1675714690.1154773,245,1675714690,114923238,,42.33886333333333,-71.08822166666667,35.0,327975.42276059394,4689512.794410593,19,T
1675714691.1155453,246,1675714691,115089178,,42.33886333333333,-71.08822166666667,35.0,327975.42276059394,4689512.794410593,19,T
1675714692.115447,247,1675714692,114974975,,42.33886333333333,-71.08822166666667,35.0,327975.42276059394,4689512.794410593,19,T
1675714693.1502001,248,1675714693,149786949,,42.33886333333333,-71.08822166666667,35.0,327975.42276059394,4689512.794410593,19,T
1675714694.1143503,249,1675714694,113898754,,42.33886333333333,-71.08822166666667,35.0,327975.42276059394,4689512.794410593,19,T
1675714695.114702,250,1675714695,114234685,,42.33886333333333,-71.08822166666667,35.0,327975.42276059394,4689512.794410593,19,T
1675714696.115746,251,1675714696,115270137,,42.33886333333333,-71.08822166666667,35.0,327975.42276059394,4689512.794410593,19,T
1675714697.115136,252,1675714697,114631414,,42.33886333333333,-71.08822166666667,35.0,327975.42276059394,4689512.794410593,19,T
1675714698.1144195,253,1675714698,113948106,,42.33886333333333,-71.08822166666667,35.0,327975.42276059394,4689512.794410593,19,T
1675714699.1169684,254,1675714699,116491556,,42.33886333333333,-71.08822166666667,35.0,327975.42276059394,4689512.794410593,19,T
1675714700.1146643,255,1675714700,114252567,,42.33886333333333,-71.08822166666667,35.0,327975.42276059394,4689512.794410593,19,T
1675714701.1155357,256,1675714701,115151405,,42.33886333333333,-71.08822166666667,35.0,327975.42276059394,4689512.794410593,19,T
1675714702.115663,257,1675714702,115211248,,42.33886333333333,-71.08822166666667,35.0,327975.42276059394,4689512.794410593,19,T
1675714703.1146193,258,1675714703,114260911,,42.33886333333333,-71.08822166666667,35.0,327975.42276059394,4689512.794410593,19,T
1675714704.1168566,259,1675714704,116390705,,42.33886333333333,-71.08822166666667,35.0,327975.42276059394,4689512.794410593,19,T
1675714705.116667,260,1675714705,116041660,,42.33886333333333,-71.08822166666667,35.0,327975.42276059394,4689512.794410593,19,T
1675714706.1143365,261,1675714706,114059686,,42.33886333333333,-71.08822166666667,35.0,327975.42276059394,4689512.794410593,19,T
1675714707.115271,262,1675714707,114801645,,42.33886333333333,-71.08822166666667,35.0,327975.42276059394,4689512.794410593,19,T
1675714708.114409,263,1675714708,113998413,,42.33886333333333,-71.08822166666667,35.0,327975.42276059394,4689512.794410593,19,T
1675714709.1139972,264,1675714709,113610267,,42.33886333333333,-71.08822166666667,35.0,327975.42276059394,4689512.794410593,19,T
1675714710.1155517,265,1675714710,115076303,,42.33886333333333,-71.08822166666667,35.0,327975.42276059394,4689512.794410593,19,T
1675714711.1138911,266,1675714711,113461256,,42.33886333333333,-71.08822166666667,35.0,327975.42276059394,4689512.794410593,19,T
1675714712.1138592,267,1675714712,113462448,,42.33886333333333,-71.08822166666667,35.0,327975.42276059394,4689512.794410593,19,T
1675714713.1168215,268,1675714713,116322278,,42.33886333333333,-71.08822166666667,35.0,327975.42276059394,4689512.794410593,19,T
1675714714.1155708,269,1675714714,115061044,,42.33886166666666,-71.08822166666667,34.9,327975.4182156165,4689512.609339923,19,T
1675714715.1159265,270,1675714715,115395545,,42.33886166666666,-71.08822166666667,34.9,327975.4182156165,4689512.609339923,19,T
1675714716.1139748,271,1675714716,113546848,,42.33886166666666,-71.08822166666667,34.9,327975.4182156165,4689512.609339923,19,T
1675714717.1185458,272,1675714717,118028879,,42.33886166666666,-71.08822166666667,34.9,327975.4182156165,4689512.609339923,19,T
1675714718.1158123,273,1675714718,115405559,,42.33886166666666,-71.08822166666667,34.8,327975.4182156165,4689512.609339923,19,T
1675714719.1145687,274,1675714719,114086389,,42.33886166666666,-71.08822166666667,34.8,327975.4182156165,4689512.609339923,19,T
1675714720.1163583,275,1675714720,115922212,,42.33886166666666,-71.08822166666667,34.8,327975.4182156165,4689512.609339923,19,T
1675714721.114067,276,1675714721,113468170,,42.33886166666666,-71.08822166666667,34.8,327975.4182156165,4689512.609339923,19,T
1675714722.1139624,277,1675714722,113557577,,42.33886166666666,-71.08822166666667,34.8,327975.4182156165,4689512.609339923,19,T
1675714723.1475544,278,1675714723,147161483,,42.33886166666666,-71.08822166666667,34.8,327975.4182156165,4689512.609339923,19,T
1675714724.1164095,279,1675714724,115949630,,42.33886166666666,-71.08822166666667,34.8,327975.4182156165,4689512.609339923,19,T
1675714725.1137638,280,1675714725,113285303,,42.33886166666666,-71.08822166666667,34.8,327975.4182156165,4689512.609339923,19,T
1675714726.112214,281,1675714726,111800670,,42.33886166666666,-71.08822166666667,34.8,327975.4182156165,4689512.609339923,19,T
1675714727.1125782,282,1675714727,112138748,,42.33886166666666,-71.08822166666667,34.8,327975.4182156165,4689512.609339923,19,T
1675714728.1120062,283,1675714728,111500740,,42.33886166666666,-71.08822166666667,34.8,327975.4182156165,4689512.609339923,19,T
1675714729.1141098,284,1675714729,113679885,,42.33886166666666,-71.08822166666667,34.8,327975.4182156165,4689512.609339923,19,T
1675714730.111665,285,1675714730,111202478,,42.33886166666666,-71.08822166666667,34.8,327975.4182156165,4689512.609339923,19,T
1675714731.1092865,286,1675714731,108781099,,42.338860000000004,-71.08822166666667,34.4,327975.4136706393,4689512.424269253,19,T
1675714732.1100557,287,1675714732,109562873,,42.338860000000004,-71.08822166666667,34.4,327975.4136706393,4689512.424269253,19,T
1675714733.110319,288,1675714733,109820842,,42.338860000000004,-71.08822166666667,34.4,327975.4136706393,4689512.424269253,19,T
1675714734.1103766,289,1675714734,109905004,,42.338860000000004,-71.08822166666667,34.4,327975.4136706393,4689512.424269253,19,T
1675714735.1109412,290,1675714735,110488891,,42.338860000000004,-71.08822166666667,34.4,327975.4136706393,4689512.424269253,19,T
1675714736.110725,291,1675714736,110180854,,42.338860000000004,-71.08822166666667,34.4,327975.4136706393,4689512.424269253,19,T
1675714737.1119535,292,1675714737,111533641,,42.338860000000004,-71.08822166666667,34.4,327975.4136706393,4689512.424269253,19,T
1675714738.109621,293,1675714738,109178781,,42.338860000000004,-71.08822166666667,34.4,327975.4136706393,4689512.424269253,19,T
1675714739.1118553,294,1675714739,111334323,,42.338860000000004,-71.08822166666667,34.4,327975.4136706393,4689512.424269253,19,T
1675714740.1112618,295,1675714740,110852003,,42.338860000000004,-71.08822166666667,34.4,327975.4136706393,4689512.424269253,19,T
1675714741.110596,296,1675714741,110190629,,42.338860000000004,-71.08822166666667,34.4,327975.4136706393,4689512.424269253,19,T
1675714742.108743,297,1675714742,108354806,,42.338860000000004,-71.08822166666667,34.4,327975.4136706393,4689512.424269253,19,T
1675714743.1104517,298,1675714743,109889268,,42.338860000000004,-71.08822166666667,34.4,327975.4136706393,4689512.424269253,19,T
1675714744.1102471,299,1675714744,109805107,,42.338860000000004,-71.08822166666667,34.4,327975.4136706393,4689512.424269253,19,T
1675714745.1091466,300,1675714745,108680725,,42.338860000000004,-71.08822166666667,34.4,327975.4136706393,4689512.424269253,19,T
1675714746.1107416,301,1675714746,110321998,,42.338860000000004,-71.08822166666667,34.4,327975.4136706393,4689512.424269253,19,T
1675714747.1091125,302,1675714747,108655929,,42.338860000000004,-71.08822166666667,34.4,327975.4136706393,4689512.424269253,19,T
1675714748.11014,303,1675714748,109662771,,42.338860000000004,-71.08822166666667,34.4,327975.4136706393,4689512.424269253,19,T
1675714749.1089497,304,1675714749,108395814,,42.338860000000004,-71.08822166666667,34.4,327975.4136706393,4689512.424269253,19,T
1675714750.1102123,305,1675714750,109816551,,42.338860000000004,-71.08822166666667,34.4,327975.4136706393,4689512.424269253,19,T
1675714751.1132436,306,1675714751,112798690,,42.338860000000004,-71.08822166666667,34.3,327975.4136706393,4689512.424269253,19,T
